"word1","word2","freq"
"right","now",36
"new","york",24
"last","year",23
"dont","know",20
"years","ago",20
"make","sure",17
"mothers","day",16
"every","time",15
"im","going",15
"los","angeles",15
"st","louis",15
"looking","forward",14
"cant","wait",13
"high","school",13
"happy","birthday",12
"last","night",12
"can","make",11
"feel","like",11
"first","time",11
"just","got",10
"let","know",10
"one","day",10
"san","francisco",10
"thanks","follow",10
"two","weeks",10
"dont","think",9
"san","diego",9
"two","years",9
"united","states",9
"can","say",8
"dont","get",8
"dont","like",8
"even","though",8
"every","day",8
"go","back",8
"happy","mothers",8
"much","better",8
"one","favorite",8
"one","thing",8
"sounds","like",8
"take","care",8
"year","old",8
"best","friend",7
"can","get",7
"can","see",7
"dont","even",7
"dont","want",7
"even","know",7
"im","sure",7
"ive","got",7
"last","week",7
"super","bowl",7
"thats","awesome",7
"wait","see",7
"10","minutes",6
"can","go",6
"didnt","know",6
"finally","got",6
"five","years",6
"just","say",6
"love","love",6
"many","people",6
"many","times",6
"new","jersey",6
"officials","said",6
"robert","half",6
"said","â€œi",6
"thank","much",6
"thanks","following",6
"thought","id",6
"three","years",6
"wall","street",6
"already","know",5
"anyone","else",5
"background","vocals",5
"blood","pressure",5
"cents","per",5
"dont","forget",5
"follow","back",5
"four","years",5
"good","luck",5
"health","care",5
"im","gonna",5
"just","like",5
"last","day",5
"last","time",5
"last","years",5
"late","night",5
"lead","background",5
"looks","like",5
"new","orleans",5
"next","week",5
"one","point",5
"one","will",5
"per","share",5
"pretty","good",5
"pretty","much",5
"said","statement",5
"seems","like",5
"social","media",5
"take","look",5
"thank","u",5
"think","can",5
"want","see",5
"will","get",5
"will","never",5
"year","ago",5
"youre","going",5
"10","years",4
"2","percent",4
"around","world",4
"can","help",4
"can","imagine",4
"can","tell",4
"cant","believe",4
"cant","find",4
"cave","creek",4
"come","back",4
"dark","haired",4
"didnt","get",4
"didnt","really",4
"dont","need",4
"every","single",4
"feels","like",4
"first","half",4
"follow","us",4
"forward","tomorrow",4
"get","back",4
"getting","ready",4
"good","job",4
"good","one",4
"good","thing",4
"good","time",4
"great","day",4
"great","job",4
"ice","cream",4
"ill","let",4
"im","getting",4
"im","just",4
"im","really",4
"im","still",4
"itâ€™s","time",4
"jersey","city",4
"just","finished",4
"know","can",4
"know","im",4
"know","just",4
"last","month",4
"like","one",4
"like","people",4
"like","really",4
"little","bit",4
"long","term",4
"look","like",4
"lot","people",4
"love","much",4
"makes","sense",4
"mitt","romney",4
"natural","gas",4
"need","help",4
"next","time",4
"north","carolina",4
"now","just",4
"now","thats",4
"oh","yeah",4
"one","another",4
"one","best",4
"one","bottle",4
"one","can",4
"part","time",4
"people","want",4
"said","can",4
"second","round",4
"spread","word",4
"sunday","night",4
"thanks","much",4
"think","will",4
"three","months",4
"time","get",4
"two","hours",4
"vice","president",4
"want","know",4
"will","also",4
"will","help",4
"will","make",4
"will","receive",4
"will","see",4
"1","cup",3
"15","rebounds",3
"15","years",3
"18","years",3
"2","weeks",3
"20","years",3
"4","years",3
"40","percent",3
"6","pm",3
"add","much",3
"armed","robbery",3
"ashley","ashley",3
"back","soon",3
"bay","area",3
"became","known",3
"best","friends",3
"best","player",3
"bring","us",3
"can","find",3
"can","give",3
"can","set",3
"can","start",3
"can","still",3
"can","try",3
"can","watch",3
"card","made",3
"chris","martin",3
"class","average",3
"cleveland","ohio",3
"coaching","staff",3
"columbus","ohio",3
"come","visit",3
"coming","soon",3
"common","sense",3
"council","will",3
"county","executive",3
"day","just",3
"declined","comment",3
"doesnt","get",3
"doesnt","mean",3
"doesnt","want",3
"donâ€™t","want",3
"dont","care",3
"dont","judge",3
"dont","take",3
"dry","creek",3
"earlier","year",3
"east","st",3
"elementary","school",3
"emergency","department",3
"even","begin",3
"ever","since",3
"every","one",3
"everyone","else",3
"far","west",3
"favorite","beer",3
"federal","government",3
"first","day",3
"first","friday",3
"first","round",3
"first","six",3
"first","year",3
"forgive","others",3
"get","better",3
"get","job",3
"get","work",3
"give","us",3
"giving","away",3
"global","economy",3
"go","away",3
"going","play",3
"going","say",3
"going","strong",3
"good","day",3
"good","morning",3
"good","taste",3
"good","things",3
"got","home",3
"gotta","ask",3
"great","meeting",3
"great","weekend",3
"haha","im",3
"hall","fame",3
"hard","believe",3
"hard","stage",3
"hard","work",3
"help","us",3
"hey","guys",3
"hope","everyone",3
"hope","get",3
"hope","well",3
"hope","will",3
"hope","youre",3
"iâ€™m","still",3
"id","like",3
"im","glad",3
"im","happy",3
"im","sorry",3
"interesting","see",3
"itâ€™s","hard",3
"ive","ever",3
"ive","seen",3
"just","dont",3
"just","one",3
"just","thought",3
"just","wanted",3
"know","exactly",3
"know","good",3
"know","like",3
"know","youre",3
"last","tweet",3
"law","enforcement",3
"least","50",3
"least","two",3
"leaving","reader",3
"left","behind",3
"let","us",3
"letter","sounds",3
"life","prison",3
"like","us",3
"little","boy",3
"locker","room",3
"long","time",3
"look","forward",3
"looked","like",3
"looking","like",3
"lot","things",3
"love","u",3
"make","work",3
"many","families",3
"many","years",3
"medical","school",3
"memorial","day",3
"men","â€”",3
"men","women",3
"million","people",3
"million","shares",3
"mingo","junction",3
"months","ago",3
"mr","obama",3
"much","fun",3
"much","less",3
"much","like",3
"much","love",3
"national","park",3
"net","income",3
"never","knew",3
"never","let",3
"new","england",3
"new","friends",3
"new","level",3
"new","office",3
"new","single",3
"new","way",3
"new","year",3
"next","year",3
"now","can",3
"now","get",3
"now","im",3
"now","time",3
"now","will",3
"office","space",3
"one","days",3
"one","group",3
"one","itâ€™s",3
"one","night",3
"one","particular",3
"one","time",3
"part","2",3
"past","two",3
"pay","back",3
"pay","taxes",3
"pcbs","dioxins",3
"people","around",3
"people","think",3
"pins","places",3
"places","ive",3
"pleaded","guilty",3
"police","officers",3
"possible","reason",3
"power","play",3
"prime","minister",3
"private","sector",3
"probably","will",3
"public","service",3
"really","dont",3
"really","great",3
"really","happy",3
"really","hard",3
"really","need",3
"really","think",3
"right","back",3
"root","growth",3
"rt","rt",3
"safe","say",3
"said","â€œit",3
"said","adding",3
"said","just",3
"said","will",3
"sarah","jane",3
"say","im",3
"see","can",3
"seemed","like",3
"set","hair",3
"shit","dont",3
"stay","home",3
"still","dont",3
"super","excited",3
"take","part",3
"take","risk",3
"thanks","great",3
"thats","good",3
"theres","lot",3
"theres","nothing",3
"think","going",3
"think","im",3
"think","right",3
"three","times",3
"time","want",3
"time","year",3
"together","make",3
"tomorrow","night",3
"try","get",3
"try","keep",3
"two","days",3
"two","people",3
"use","phone",3
"valentines","day",3
"wait","long",3
"want","bad",3
"want","get",3
"want","make",3
"washington","dc",3
"weâ€™re","going",3
"weâ€™ve","got",3
"west","coast",3
"west","virginia",3
"whats","good",3
"white","house",3
"whole","thing",3
"will","bring",3
"will","closed",3
"will","come",3
"will","go",3
"will","happen",3
"will","keep",3
"will","open",3
"will","take",3
"working","hard",3
"world","war",3
"years","later",3
"years","old",3
"york","city",3
"youd","think",3
"young","man",3
"youre","right",3
"1","billion",2
"1","day",2
"1","hour",2
"1","hr",2
"1","million",2
"1","percent",2
"1","stitch",2
"1","yard",2
"10","pm",2
"100","followers",2
"1000","mg",2
"11","million",2
"12","million",2
"12","years",2
"13","cup",2
"13","points",2
"15","percent",2
"1960s","1970s",2
"2","days",2
"2","mins",2
"2","stitches",2
"2010","will",2
"2011","success",2
"25","million",2
"25","years",2
"3","im",2
"3","rt",2
"3","weeks",2
"3","years",2
"30","percent",2
"30","rock",2
"30","years",2
"3133552","bottles",2
"4","pictures",2
"45","minutes",2
"4th","yr",2
"50","years",2
"500","mgm2",2
"63","cents",2
"85","percent",2
"9400655","bottles",2
"ã¸","dont",2
"â€”","danny",2
"â€œi","donâ€™t",2
"â€œi","know",2
"able","use",2
"absolutely","loved",2
"according","state",2
"act","like",2
"act","national",2
"action","committee",2
"aga","khan",2
"ago","made",2
"agree","rt",2
"aid","great",2
"air","force",2
"almost","50",2
"almost","every",2
"almost","three",2
"also","chakra",2
"also","decided",2
"also","find",2
"also","played",2
"also","think",2
"also","use",2
"also","will",2
"alternative","thatâ€™s",2
"always","say",2
"always","win",2
"amazon","eu",2
"amazon","services",2
"another","book",2
"another","person",2
"another","thing",2
"anyone","information",2
"anyone","want",2
"anything","else",2
"anywhere","else",2
"ap","â€”",2
"apple","store",2
"apricot","preserves",2
"april","13",2
"april","6",2
"armed","forces",2
"around","corner",2
"ask","question",2
"ask","questions",2
"asked","contact",2
"ass","today",2
"assistant","superintendent",2
"assn","advancement",2
"associated","press",2
"assume","two",2
"assuming","person",2
"attend","college",2
"attended","last",2
"average","24",2
"away","one",2
"back","home",2
"back","love",2
"back","normal",2
"back","says",2
"back","school",2
"back","time",2
"bad","decisions",2
"bad","guys",2
"bad","idea",2
"bad","men",2
"bad","taste",2
"baker","said",2
"bar","association",2
"beat","game",2
"beautiful","day",2
"becoming","increasingly",2
"beer","fest",2
"believe","little",2
"bellevue","hospital",2
"best","last",2
"best","part",2
"best","place",2
"best","western",2
"better","somehow",2
"better","soon",2
"better","world",2
"big","difference",2
"big","event",2
"big","screen",2
"big","tree",2
"billion","next",2
"billions","dollars",2
"bills","pay",2
"bin","laden",2
"birthday","party",2
"bit","add",2
"bitter","rival",2
"black","sheep",2
"black","white",2
"blessing","us",2
"block","block",2
"bo","bunny",2
"board","get",2
"bob","looked",2
"body","language",2
"boogie","board",2
"book","just",2
"book","read",2
"book","take",2
"books","series",2
"bottle","sunscreen",2
"bottles","chemical",2
"bottles","thatâ€™s",2
"bottom","skillet",2
"bought","environmentally",2
"bounce","rate",2
"bout","go",2
"bowl","maybe",2
"bridge","will",2
"bring","back",2
"brown","sugar",2
"c","u",2
"came","back",2
"campaign","contributions",2
"campaign","finance",2
"can","add",2
"can","also",2
"can","believe",2
"can","bought",2
"can","build",2
"can","create",2
"can","deliver",2
"can","easily",2
"can","found",2
"can","hear",2
"can","just",2
"can","live",2
"can","online",2
"can","put",2
"can","run",2
"can","seen",2
"can","sing",2
"can","spend",2
"can","talk",2
"can","think",2
"can","wait",2
"canâ€™t","believe",2
"cant","get",2
"cant","just",2
"cant","read",2
"cant","really",2
"cant","say",2
"cant","sell",2
"cape","girardeau",2
"card","issuer",2
"care","family",2
"cared","enough",2
"cast","crew",2
"cell","phones",2
"cents","share",2
"centuries","technological",2
"certain","age",2
"challenge","week",2
"chance","win",2
"change","constitution",2
"change","life",2
"check","dm",2
"check","us",2
"chemical","laden",2
"chemistry","exam",2
"chicken","fries",2
"chief","executive",2
"child","least",2
"chobani","samples",2
"chosen","live",2
"chris","lol",2
"chris","martins",2
"christmas","tree",2
"chug","woodchuck",2
"chula","vista",2
"citizens","council",2
"city","just",2
"coaches","say",2
"coconut","milk",2
"cognitive","problems",2
"college","graduation",2
"come","check",2
"come","get",2
"come","hang",2
"come","home",2
"come","together",2
"coming","along",2
"coming","budget",2
"coming","months",2
"coming","time",2
"community","others",2
"companies","can",2
"company","called",2
"company","said",2
"compiled","bloomberg",2
"compliant","law",2
"conspiracy","commit",2
"cool","kids",2
"corner","route",2
"costs","will",2
"couldnt","really",2
"couldnt","resist",2
"county","durham",2
"court","appeals",2
"coverage","will",2
"crawford","says",2
"creek","valley",2
"cut","back",2
"cuyahoga","county",2
"dark","characters",2
"darn","good",2
"david","stern",2
"davis","roots",2
"day","another",2
"day","happy",2
"day","love",2
"day","school",2
"day","super",2
"days","till",2
"days","will",2
"dear","sweet",2
"deaths","prevented",2
"decades","ago",2
"decentralized","consultative",2
"defensive","end",2
"defensive","linemen",2
"depleting","potentially",2
"development","gap",2
"didnâ€™t","know",2
"didnâ€™t","want",2
"didnt","even",2
"didnt","give",2
"didnt","start",2
"died","complications",2
"died","tuesday",2
"different","people",2
"different","person",2
"doctor","said",2
"doesnt","always",2
"doesnt","like",2
"dollars","advertising",2
"dolores","hidalgo",2
"donâ€™t","even",2
"donâ€™t","know",2
"donâ€™t","like",2
"donâ€™t","think",2
"donâ€™t","worry",2
"done","paper",2
"dont","act",2
"dont","ever",2
"dont","feel",2
"dont","give",2
"dont","go",2
"dont","hate",2
"dont","just",2
"dont","let",2
"dont","mind",2
"dont","one",2
"dont","play",2
"dont","really",2
"dont","smoke",2
"dont","worry",2
"dot","com",2
"dough","lightly",2
"dreams","happen",2
"dressing","room",2
"drive","work",2
"driving","force",2
"drummer","sigtryggur",2
"dwight","howard",2
"earlier","week",2
"easy","way",2
"eating","good",2
"economic","news",2
"economy","may",2
"eight","months",2
"eligible","parole",2
"else","can",2
"emergency","services",2
"emotional","impact",2
"encourage","root",2
"end","result",2
"enforcement","efforts",2
"entire","weekend",2
"entry","accounting",2
"environmental","groups",2
"environmentally","healthy",2
"essex","county",2
"even","assume",2
"even","bother",2
"even","harder",2
"even","need",2
"even","started",2
"even","without",2
"every","level",2
"every","month",2
"every","night",2
"every","second",2
"every","year",2
"examples","people",2
"excited","announce",2
"excited","see",2
"executive","vice",2
"experience","helps",2
"explained","later",2
"fab","5",2
"fabrics","held",2
"failed","god",2
"family","vineyards",2
"far","removed",2
"farmed","salmon",2
"favorite","book",2
"favorite","part",2
"feel","one",2
"feel","special",2
"fell","love",2
"filed","bankruptcy",2
"fill","buckets",2
"film","festival",2
"film","financing",2
"final","four",2
"finally","came",2
"finally","found",2
"finally","getting",2
"find","time",2
"finding","ways",2
"first","10",2
"first","floor",2
"five","counts",2
"five","votes",2
"floral","notes",2
"floridians","use",2
"flurry","activity",2
"folks","inside",2
"follow","follow",2
"follow","will",2
"followers","will",2
"following","just",2
"football","team",2
"former","member",2
"formerly","known",2
"found","first",2
"found","nearby",2
"fountain","valley",2
"four","months",2
"free","chobani",2
"free","nights",2
"fresh","basil",2
"friday","evening",2
"friday","night",2
"friends","dont",2
"function","without",2
"game","1",2
"game","just",2
"games","mcroberts",2
"gateway","passport",2
"gave","u",2
"gay","marriage",2
"get","2012",2
"get","attention",2
"get","bought",2
"get","closer",2
"get","enough",2
"get","good",2
"get","home",2
"get","married",2
"get","message",2
"get","money",2
"get","much",2
"get","one",2
"get","rebounds",2
"get","rid",2
"get","see",2
"get","something",2
"get","tattoo",2
"get","tickets",2
"getting","better",2
"getting","work",2
"girl","know",2
"girls","dont",2
"girls","say",2
"gives","us",2
"giving","us",2
"glad","made",2
"glad","minibrief",2
"glad","youre",2
"glasses","wine",2
"global","work",2
"go","buy",2
"go","home",2
"go","school",2
"go","shopping",2
"god","cause",2
"god","gave",2
"god","god",2
"going","able",2
"going","give",2
"going","go",2
"going","leave",2
"going","make",2
"going","right",2
"going","school",2
"going","shopping",2
"going","shut",2
"going","tell",2
"good","bro",2
"good","enough",2
"good","food",2
"good","friend",2
"good","good",2
"good","looking",2
"good","movie",2
"good","news",2
"good","night",2
"good","way",2
"got","back",2
"got","good",2
"got","job",2
"got","lot",2
"got","one",2
"got","real",2
"got","right",2
"got","something",2
"got","together",2
"gotten","far",2
"gov","jerry",2
"graduate","school",2
"graduation","rates",2
"grand","jury",2
"great","friend",2
"great","game",2
"great","group",2
"great","presentations",2
"great","time",2
"great","year",2
"green","bay",2
"grocery","store",2
"grocery","stores",2
"ground","zero",2
"group","still",2
"guangdong","province",2
"guess","can",2
"guess","im",2
"guess","say",2
"guest","hosting",2
"guitar","lead",2
"haha","well",2
"haha","yes",2
"haired","one",2
"half","floridians",2
"half","hour",2
"half","international",2
"half","time",2
"hands","like",2
"happy","friday",2
"happy","holidays",2
"happy","hour",2
"happy","thanksgiving",2
"happy","valentines",2
"hard","can",2
"hard","get",2
"hard","niggas",2
"harry","potter",2
"hate","world",2
"havenâ€™t","seen",2
"hazar","imam",2
"hazardous","product",2
"heading","back",2
"healing","process",2
"healthy","alternative",2
"heard","guy",2
"heard","news",2
"help","prevent",2
"helps","see",2
"heres","tip",2
"hes","also",2
"hey","everybody",2
"hey","remember",2
"hi","just",2
"high","blood",2
"high","list",2
"higher","rate",2
"historic","district",2
"hit","head",2
"hit","smms",2
"home","made",2
"home","new",2
"honey","im",2
"hong","kong",2
"honor","past",2
"hope","doesnt",2
"hope","good",2
"hope","u",2
"hospital","treatment",2
"hour","delay",2
"hour","power",2
"hours","later",2
"hours","per",2
"house","one",2
"howell","84",2
"huge","fan",2
"human","version",2
"hyatt","regency",2
"iâ€™d","just",2
"iâ€™m","nervous",2
"iâ€™m","sorry",2
"iâ€™m","sure",2
"id","run",2
"ill","get",2
"ill","post",2
"ill","still",2
"illegal","immigrants",2
"im","back",2
"im","bout",2
"im","done",2
"im","excited",2
"im","gay",2
"im","kidding",2
"im","one",2
"im","pretty",2
"im","sexy",2
"im","showing",2
"im","super",2
"im","thinking",2
"im","thrilled",2
"im","tired",2
"im","trying",2
"im","waiting",2
"increases","bounce",2
"individual","schools",2
"insurance","forget",2
"insurance","policies",2
"international","film",2
"isnt","old",2
"issued","statement",2
"itâ€™s","always",2
"itâ€™s","easy",2
"itâ€™s","good",2
"ive","always",2
"ive","heard",2
"ive","never",2
"jack","cheese",2
"jackie","jackie",2
"james","smart",2
"jane","smith",2
"jason","arnott",2
"jennifer","lopez",2
"jerel","worthy",2
"jesus","christ",2
"jim","sorgi",2
"job","held",2
"job","keep",2
"job","like",2
"joe","biden",2
"john","carter",2
"jones","said",2
"junction","ohio",2
"june","2",2
"just","2",2
"just","came",2
"just","checked",2
"just","cool",2
"just","everything",2
"just","followed",2
"just","hope",2
"just","im",2
"just","keep",2
"just","kept",2
"just","made",2
"just","much",2
"just","started",2
"just","wait",2
"just","want",2
"just","watched",2
"just","won",2
"just","wondering",2
"justice","roberts",2
"justin","bieber",2
"keep","pennies",2
"keep","unemployment",2
"keep","us",2
"kentucky","derby",2
"key","lime",2
"khan","university",2
"kids","class",2
"kilowatt","hour",2
"kind","love",2
"kind","words",2
"kiski","school",2
"knit","1",2
"knit","2",2
"kno","got",2
"knock","shit",2
"know","always",2
"know","better",2
"know","difference",2
"know","dont",2
"know","fact",2
"know","going",2
"know","kids",2
"know","nothing",2
"know","someone",2
"know","want",2
"know","weâ€™ve",2
"know","whether",2
"know","will",2
"labor","day",2
"laden","resource",2
"landfills","even",2
"larry","brown",2
"las","vegas",2
"last","century",2
"last","fall",2
"last","season",2
"late","1980s",2
"late","work",2
"later","day",2
"later","year",2
"law","firm",2
"lead","stand",2
"lead","vocals",2
"leadership","development",2
"least","100",2
"least","amount",2
"least","five",2
"least","six",2
"leather","bar",2
"left","right",2
"legal","assistance",2
"let","alone",2
"let","go",2
"letâ€™s","just",2
"lets","hope",2
"lets","take",2
"letter","names",2
"letters","numbers",2
"lien","sales",2
"life","fullest",2
"life","good",2
"like","best",2
"like","call",2
"like","em",2
"like","good",2
"like","hell",2
"like","job",2
"like","lot",2
"like","nothing",2
"like","plan",2
"like","school",2
"like","seeing",2
"like","shit",2
"like","snow",2
"like","u",2
"like","use",2
"lime","pie",2
"little","crazy",2
"little","late",2
"little","less",2
"little","one",2
"live","community",2
"live","life",2
"lmao","good",2
"local","officials",2
"lol","hope",2
"lol","know",2
"lol","rt",2
"long","enough",2
"long","series",2
"long","table",2
"long","way",2
"looked","little",2
"lookin","good",2
"looking","something",2
"looking","ways",2
"lose","support",2
"lot","better",2
"lot","fun",2
"louis","market",2
"love","3",2
"love","city",2
"love","go",2
"love","movie",2
"love","you3",2
"luv","luv",2
"luv","u",2
"mad","men",2
"made","first",2
"made","homemade",2
"made","music",2
"made","rounds",2
"made","sense",2
"made","sounds",2
"made","state",2
"magazineâ€™s","mission",2
"magically","appear",2
"main","st",2
"maintenance","drugs",2
"maintenance","medications",2
"make","difference",2
"make","easier",2
"make","examples",2
"make","list",2
"make","money",2
"make","sense",2
"make","way",2
"makes","think",2
"makes","us",2
"making","difference",2
"making","frozen",2
"management","services",2
"many","things",2
"many","us",2
"margin","error",2
"marketing","advertising",2
"martin","chris",2
"masters","degree",2
"matter","see",2
"max","1000",2
"maximize","profits",2
"may","arts",2
"may","even",2
"may","get",2
"may","good",2
"may","make",2
"may","need",2
"may","seem",2
"may","well",2
"maybe","shouldnt",2
"maybe","two",2
"mbs","treasurista",2
"mcmanis","family",2
"mean","dont",2
"mean","things",2
"means","everything",2
"means","nothing",2
"meant","say",2
"measured","terms",2
"medical","care",2
"meeting","thanks",2
"melting","pot",2
"men","aged",2
"merry","christmas",2
"met","mr",2
"mexico","city",2
"mfa","program",2
"mgm2","max",2
"mi","run",2
"michigan","high",2
"michigan","st",2
"mickey","mouse",2
"mid","late",2
"middle","east",2
"million","dollar",2
"minibrief","hit",2
"miniloc","island",2
"minority","students",2
"minutes","later",2
"minutes","life",2
"minutes","site",2
"miss","guys",2
"missionary","couple",2
"mississippi","st",2
"monday","labor",2
"monday","morning",2
"month","may",2
"morally","wrong",2
"morehead","state",2
"morning","got",2
"move","new",2
"moving","forward",2
"moving","new",2
"mr","eckersley",2
"mr","plummer",2
"mr","roseman",2
"much","appreciated",2
"much","kind",2
"much","snow",2
"much","time",2
"much","worse",2
"music","just",2
"music","one",2
"music","video",2
"must","see",2
"mutual","fund",2
"name","engine",2
"name","want",2
"nasa","officials",2
"national","community",2
"national","weather",2
"natural","relations",2
"ncaa","tournament",2
"near","top",2
"nearly","two",2
"need","go",2
"need","just",2
"need","know",2
"need","make",2
"needed","road",2
"never","finished",2
"never","forget",2
"never","get",2
"never","heard",2
"never","know",2
"never","look",2
"never","met",2
"never","mind",2
"never","really",2
"never","say",2
"never","tried",2
"never","want",2
"new","favorite",2
"new","generation",2
"new","law",2
"new","ways",2
"news","came",2
"news","stays",2
"next","day",2
"next","decade",2
"next","season",2
"nice","know",2
"niggas","kno",2
"night","long",2
"night","time",2
"nights","stay",2
"nike","gps",2
"north","america",2
"north","shore",2
"nothing","like",2
"nothing","say",2
"nothing","wrong",2
"now","best",2
"now","gotta",2
"now","hes",2
"now","looking",2
"now","love",2
"now","playing",2
"now","right",2
"now","see",2
"now","youre",2
"number","one",2
"number","three",2
"numbers","covered",2
"obama","administration",2
"offensive","players",2
"office","hours",2
"office","investigating",2
"official","said",2
"officials","accused",2
"officials","say",2
"often","fill",2
"oh","god",2
"oh","know",2
"oh","well",2
"ohio","will",2
"old","enough",2
"old","school",2
"omg","omg",2
"one","direction",2
"one","even",2
"one","ever",2
"one","favorites",2
"one","first",2
"one","last",2
"one","love",2
"one","make",2
"one","man",2
"one","moment",2
"one","must",2
"one","never",2
"one","new",2
"one","one",2
"one","person",2
"one","room",2
"one","say",2
"one","sitting",2
"one","talented",2
"one","three",2
"one","two",2
"one","us",2
"one","waiting",2
"one","whos",2
"one","year",2
"oomf","gorgeous",2
"open","kitchen",2
"open","season",2
"oral","roberts",2
"oranje","hotel",2
"osama","bin",2
"others","chosen",2
"others","forgive",2
"page","views",2
"paintings","monet",2
"pancake","house",2
"parissi","lead",2
"parking","lots",2
"part","game",2
"part","job",2
"part","problem",2
"pass","rush",2
"past","months",2
"past","year",2
"patrons","bought",2
"pay","attention",2
"people","buy",2
"people","come",2
"people","follow",2
"people","got",2
"people","including",2
"people","just",2
"people","say",2
"people","will",2
"people","without",2
"people","work",2
"per","child",2
"per","kilowatt",2
"per","person",2
"per","week",2
"percent","homes",2
"percent","three-point",2
"perfect","love",2
"period","ended",2
"period","last",2
"person","ever",2
"person","usespurchases",2
"peter","drucker",2
"philadelphia","union",2
"phone","calls",2
"piece","paper",2
"pittsburgh","pennsylvania",2
"plan","save",2
"plans","build",2
"play","game",2
"players","can",2
"please","follow",2
"please","help",2
"please","rt",2
"points","15",2
"points","game",2
"polar","bears",2
"police","say",2
"political","action",2
"polls","show",2
"pop","music",2
"position","now",2
"potato","chips",2
"potentially","hazardous",2
"president","obama",2
"president","united",2
"pretty","darn",2
"pretty","sure",2
"price","tag",2
"prickly","pear",2
"product","stinkin",2
"professionals","robert",2
"proved","wrong",2
"public","health",2
"public","safety",2
"punch","ya",2
"punk","rock",2
"put","food",2
"quack","quack",2
"quality","life",2
"quarterback","can",2
"quit","rate",2
"radio","show",2
"rate","among",2
"readers","will",2
"reading","reading",2
"ready","get",2
"ready","go",2
"ready","work",2
"real","life",2
"real","name",2
"real","person",2
"real","question",2
"real","quick",2
"real","reason",2
"really","appreciate",2
"really","cool",2
"really","drive",2
"really","easy",2
"really","good",2
"really","like",2
"really","love",2
"really","make",2
"really","want",2
"really","wanted",2
"red","box",2
"regardless","whether",2
"release","party",2
"relevant","magazineâ€™s",2
"remember","everything",2
"remote","controls",2
"rental","properties",2
"representative","council",2
"reserve","members",2
"resource","depleting",2
"rest","life",2
"rest","novel",2
"rest","world",2
"riding","bikes",2
"right","away",2
"right","foot",2
"right","game",2
"right","get",2
"right","hand",2
"right","lol",2
"right","time",2
"right","track",2
"road","trip",2
"roasting","pan",2
"rob","parissi",2
"robbery","five",2
"roll","dough",2
"rolling","pin",2
"romney","said",2
"room","filled",2
"room","small",2
"rt","dont",2
"rt","im",2
"rt","just",2
"rt","love",2
"run","time",2
"s","new",2
"said","agency",2
"said","city",2
"said","constitution",2
"said","deeply",2
"said","expects",2
"said","know",2
"said","thinks",2
"said","written",2
"salad","bar",2
"salmon","recipes",2
"samples","yum",2
"san","miguel",2
"santa","ana",2
"save","money",2
"saw","something",2
"say","115",2
"say","half",2
"say","hes",2
"say","never",2
"says","able",2
"says","need",2
"scattered","throughout",2
"school","athletic",2
"school","districts",2
"school","just",2
"school","tomorrow",2
"school","year",2
"science","center",2
"season","2011",2
"season","career",2
"second","half",2
"secretary","state",2
"see","absolute",2
"see","either",2
"see","lies",2
"see","now",2
"see","soon",2
"see","think",2
"see","ya",2
"seen","itâ€™s",2
"senate","republican",2
"senators","letter",2
"send","report",2
"sentenced","life",2
"septic","system",2
"series","just",2
"series","rejections",2
"services","llc",2
"several","key",2
"several","others",2
"several","times",2
"shimmerz","paint",2
"short","point",2
"short","years",2
"showalter","said",2
"since","2007",2
"since","christmas",2
"since","ive",2
"since","left",2
"single","day",2
"single","one",2
"skirt","made",2
"sleepy","sleepy",2
"slide","now",2
"sloppy","joe",2
"slumber","party",2
"small","businesses",2
"small","number",2
"small","part",2
"small","steps",2
"smart","move",2
"smith","cross",2
"smith","said",2
"smms","great",2
"social","justice",2
"social","self",2
"someone","else",2
"someone","love",2
"something","going",2
"something","happened",2
"something","just",2
"something","new",2
"something","think",2
"something","today",2
"sometimes","even",2
"sometimes","im",2
"sometimes","thought",2
"sorry","didnt",2
"sounds","amazing",2
"sounds","good",2
"sounds","per",2
"soups","salads",2
"space","shuttle",2
"special","interests",2
"special","needs",2
"specialized","staffing",2
"spending","money",2
"spirit","christmas",2
"spokeswoman","said",2
"sports","day",2
"sports","fans",2
"spreading","word",2
"spring","training",2
"st","benedict",2
"st","charles",2
"st","john",2
"start","2012",2
"start","telling",2
"started","watching",2
"started","working",2
"state","fair",2
"state","law",2
"state","nation",2
"state","officials",2
"state","transportation",2
"states","going",2
"states","like",2
"stay","strong",2
"stayed","near",2
"steel","mill",2
"step","toward",2
"steubenville","ohio",2
"still","3133552",2
"still","bed",2
"still","cant",2
"still","going",2
"still","got",2
"still","looking",2
"still","love",2
"still","needed",2
"still","really",2
"still","riding",2
"still","think",2
"still","waiting",2
"still","working",2
"stinkin","landfills",2
"stitch","knit",2
"stitches","together",2
"stock","outstanding",2
"stop","playing",2
"story","life",2
"story","short",2
"student","body",2
"stuff","like",2
"subject","matter",2
"suffered","broken",2
"sun","patrons",2
"sunscreen","year",2
"supreme","court",2
"sure","check",2
"sure","get",2
"sure","youre",2
"survival","mode",2
"sweet","16",2
"sweet","boy",2
"syracuse","university",2
"tackles","loss",2
"take","back",2
"take","classes",2
"take","easy",2
"take","field",2
"take","much",2
"take","one",2
"take","time",2
"taking","break",2
"taking","one",2
"taking","real",2
"tank","top",2
"tape","recorder",2
"taste","buds",2
"tax","lien",2
"taxed","higher",2
"teachers","make",2
"team","will",2
"ted","talk",2
"tell","many",2
"tell","people",2
"tell","something",2
"tell","us",2
"tell","youre",2
"tempted","take",2
"ten","knots",2
"ten","years",2
"tend","get",2
"terrorist","attacks",2
"thank","happy",2
"thank","rt",2
"thanks","awesome",2
"thanks","hope",2
"thanks","sharing",2
"thanksgiving","buffet",2
"thatâ€™s","9400655",2
"thatâ€™s","assuming",2
"thatâ€™s","still",2
"thats","always",2
"thats","cool",2
"thats","funny",2
"thats","right",2
"thats","sure",2
"thats","true",2
"thereâ€™s","nothing",2
"theres","always",2
"theyre","perfect",2
"thing","can",2
"thing","just",2
"things","get",2
"things","way",2
"think","feel",2
"think","might",2
"think","pretty",2
"think","time",2
"think","youre",2
"third","largest",2
"third","round",2
"thirds","sun",2
"thomas","kinkade",2
"thought","â€“",2
"thought","appropriate",2
"thousands","dollars",2
"three-point","range",2
"three","centuries",2
"three","daughters",2
"three","days",2
"three","hundred",2
"three","men",2
"three","reserve",2
"throughout","year",2
"tied","game",2
"time","clean",2
"time","dont",2
"time","hit",2
"time","ill",2
"time","library",2
"time","made",2
"time","start",2
"time","took",2
"time","warner",2
"time","will",2
"times","week",2
"times","year",2
"today","im",2
"today","just",2
"today","see",2
"today","will",2
"told","us",2
"tomatillo","sauce",2
"tomorrow","free",2
"tomorrow","yay",2
"tonight","3",2
"took","place",2
"took","two",2
"top","eight",2
"top","ten",2
"top","two",2
"total","number",2
"tough","time",2
"tower","hamlets",2
"town","hall",2
"town","piqua",2
"track","field",2
"trades","40",2
"transportation","officials",2
"try","make",2
"trying","find",2
"tuesday","night",2
"tv","network",2
"tv","show",2
"twice","month",2
"twitter","name",2
"two","black",2
"two","months",2
"two","thirds",2
"u","can",2
"u","didnt",2
"u","guys",2
"u","like",2
"u","never",2
"ugh","hate",2
"union","station",2
"unique","visitors",2
"ur","tweets",2
"urban","area",2
"us","army",2
"us","can",2
"us","courage",2
"us","create",2
"us","get",2
"us","know",2
"us","make",2
"us","one",2
"us","open",2
"us","thought",2
"us","twitter",2
"use","new",2
"use","one",2
"used","cut",2
"used","know",2
"used","love",2
"used","want",2
"used","watch",2
"usespurchases","one",2
"value","education",2
"van","gundy",2
"venture","capitalist",2
"vesta","ceres",2
"veto","bill",2
"video","shoot",2
"visit","us",2
"voucher","free",2
"wait","get",2
"want","encourage",2
"want","go",2
"want","hear",2
"want","keep",2
"want","knock",2
"want","say",2
"want","talk",2
"want","work",2
"wanted","try",2
"wants","play",2
"war","ii",2
"wasnt","going",2
"waste","time",2
"water","seeped",2
"wats","good",2
"way","back",2
"way","new",2
"way","pay",2
"way","people",2
"way","warm",2
"ways","reduce",2
"weather","service",2
"weekly","basis",2
"weeks","ago",2
"weight","loss",2
"welcome","back",2
"well","done",2
"well","dressed",2
"well","get",2
"well","just",2
"well","radio",2
"well","see",2
"well","thats",2
"well","theres",2
"went","great",2
"went","home",2
"weve","got",2
"whatever","want",2
"whenever","want",2
"whitney","houston",2
"whos","done",2
"whos","watching",2
"wild","salmon",2
"will","able",2
"will","add",2
"will","announced",2
"will","back",2
"will","drop",2
"will","enjoy",2
"will","ensure",2
"will","eventually",2
"will","ever",2
"will","give",2
"will","hard",2
"will","held",2
"will","just",2
"will","love",2
"will","meet",2
"will","moving",2
"will","need",2
"will","now",2
"will","pleased",2
"will","provide",2
"will","report",2
"will","rise",2
"will","serve",2
"will","stop",2
"will","tweet",2
"will","used",2
"will","work",2
"williams","said",2
"wincle","waller",2
"winner","will",2
"winners","will",2
"wished","happy",2
"within","five",2
"wondered","good",2
"wonderful","community",2
"wonderful","day",2
"woodchuck","chug",2
"words","will",2
"work","hard",2
"work","today",2
"worked","hard",2
"working","project",2
"works","great",2
"works","well",2
"worst","thing",2
"wow","back",2
"writing","going",2
"written","statement",2
"ya","know",2
"yea","u",2
"year","also",2
"year","big",2
"year","contract",2
"year","put",2
"year","thatâ€™s",2
"year","year",2
"years","lived",2
"years","prison",2
"yelling","tv",2
"yes","always",2
"yes","im",2
"yes","really",2
"yes","rt",2
"yet","still",2
"yet","will",2
"york","times",2
"youâ€™ll","find",2
"youll","get",2
"young","people",2
"young","team",2
"youre","amazing",2
"youre","open",2
"youre","reading",2
