"word","freq"
"one",299
"will",283
"just",282
"said",274
"like",244
"can",243
"time",216
"get",207
"now",194
"new",185
"good",179
"people",173
"know",167
"dont",163
"day",151
"love",151
"back",136
"make",133
"first",132
"year",130
"going",129
"think",128
"last",126
"two",126
"much",122
"really",122
"also",121
"right",119
"see",118
"even",117
"want",117
"got",114
"years",111
"way",110
"work",110
"great",106
"still",105
"say",104
"today",98
"well",98
"never",94
"need",91
"thanks",91
"best",90
"made",85
"take",85
"every",84
"come",81
"something",81
"life",80
"school",80
"many",79
"thats",79
"another",77
"may",77
"little",76
"home",75
"happy",72
"lol",71
"night",70
"around",69
"game",69
"keep",69
"always",66
"state",66
"used",65
"things",64
"three",64
"better",63
"look",63
"lot",63
"since",63
"cant",62
"getting",61
"looking",61
"part",61
"sure",61
"team",60
"week",60
"world",60
"use",59
"house",58
"show",58
"man",57
"book",56
"big",54
"follow",54
"hope",54
"city",53
"didnt",52
"give",52
"next",52
"tonight",52
"youre",52
"it‚Äôs",51
"place",51
"help",50
"name",50
"ever",49
"long",49
"find",48
"ive",48
"without",48
"bad",47
"feel",47
"fun",47
"says",47
"family",46
"hard",46
"thing",46
"end",45
"free",45
"left",45
"million",45
"thought",45
"food",44
"ill",44
"put",44
"told",44
"try",44
"let",43
"makes",43
"old",43
"person",43
"play",43
"someone",43
"though",43
"went",43
"high",42
"job",42
"making",42
"percent",42
"real",42
"thank",42
"tomorrow",42
"yes",42
"least",41
"second",41
"yet",41
"days",40
"far",40
"friends",40
"guys",40
"kids",40
"months",40
"read",40
"top",40
"working",40
"anything",39
"came",39
"children",39
"enough",39
"everyone",39
"number",39
"point",39
"season",39
"set",39
"start",39
"wait",39
"‚Äì",38
"away",38
"believe",38
"found",38
"hes",38
"might",38
"party",38
"started",38
"tell",38
"win",38
"‚Äî",37
"coming",37
"haha",37
"change",36
"favorite",36
"half",36
"less",36
"live",36
"money",36
"room",36
"soon",36
"almost",35
"already",35
"beautiful",35
"call",35
"check",35
"done",35
"group",35
"including",35
"maybe",35
"men",35
"morning",35
"music",35
"nice",35
"open",35
"pay",35
"company",34
"ohio",34
"past",34
"pretty",34
"taking",34
"ago",33
"called",33
"doesnt",33
"hear",33
"nothing",33
"office",33
"street",33
"watching",33
"cool",32
"don‚Äôt",32
"early",32
"head",32
"hit",32
"i‚Äôm",32
"law",32
"news",32
"run",32
"times",32
"took",32
"weeks",32
"asked",31
"care",31
"county",31
"different",31
"enjoy",31
"finally",31
"later",31
"often",31
"small",31
"stop",31
"wanted",31
"watch",31
"weekend",31
"friend",30
"girl",30
"month",30
"public",30
"anyone",29
"center",29
"class",29
"face",29
"four",29
"hey",29
"late",29
"local",29
"mind",29
"move",29
"together",29
"true",29
"white",29
"business",28
"fact",28
"forward",28
"full",28
"games",28
"god",28
"lets",28
"must",28
"others",28
"please",28
"power",28
"rest",28
"san",28
"several",28
"stay",28
"theres",28
"thinking",28
"water",28
"whats",28
"actually",27
"amazing",27
"ask",27
"awesome",27
"bar",27
"birthday",27
"everything",27
"friday",27
"guy",27
"hate",27
"however",27
"police",27
"ready",27
"series",27
"twitter",27
"women",27
"along",26
"beer",26
"following",26
"girls",26
"government",26
"minutes",26
"miss",26
"movie",26
"park",26
"phone",26
"probably",26
"services",26
"students",26
"town",26
"wine",26
"won",26
"able",25
"buy",25
"chance",25
"either",25
"excited",25
"idea",25
"issue",25
"means",25
"national",25
"plan",25
"president",25
"question",25
"remember",25
"saw",25
"trying",25
"whether",25
"add",24
"baby",24
"black",24
"case",24
"five",24
"health",24
"heart",24
"hours",24
"inside",24
"kind",24
"matter",24
"moment",24
"played",24
"player",24
"playing",24
"problem",24
"project",24
"reading",24
"seems",24
"seen",24
"service",24
"sounds",24
"special",24
"talk",24
"that‚Äôs",24
"woman",24
"york",24
"‚Äúi",23
"across",23
"area",23
"behind",23
"course",23
"huge",23
"lost",23
"loved",23
"members",23
"page",23
"per",23
"shit",23
"social",23
"story",23
"support",23
"sweet",23
"third",23
"tuesday",23
"university",23
"west",23
"yesterday",23
"young",23
"become",22
"billion",22
"bit",22
"bring",22
"country",22
"film",22
"former",22
"guess",22
"heard",22
"important",22
"mean",22
"meet",22
"mom",22
"needs",22
"obama",22
"officials",22
"perfect",22
"players",22
"post",22
"reason",22
"sense",22
"site",22
"statement",22
"states",22
"summer",22
"super",22
"theyre",22
"whole",22
"american",21
"body",21
"building",21
"child",21
"community",21
"easy",21
"else",21
"experience",21
"gave",21
"goes",21
"key",21
"lead",21
"loss",21
"mothers",21
"needed",21
"north",21
"parents",21
"possible",21
"short",21
"sorry",21
"sunday",21
"thursday",21
"using",21
"wish",21
"wont",21
"words",21
"writing",21
"100",20
"art",20
"blog",20
"board",20
"brown",20
"career",20
"christmas",20
"event",20
"fans",20
"field",20
"finished",20
"given",20
"giving",20
"glad",20
"gotta",20
"level",20
"list",20
"program",20
"quite",20
"share",20
"six",20
"turn",20
"understand",20
"wednesday",20
"word",20
"according",19
"agree",19
"bill",19
"campaign",19
"card",19
"court",19
"department",19
"didn‚Äôt",19
"due",19
"eat",19
"education",19
"forget",19
"hand",19
"human",19
"interesting",19
"isnt",19
"paper",19
"points",19
"radio",19
"rate",19
"red",19
"return",19
"road",19
"robert",19
"saying",19
"sometimes",19
"system",19
"taken",19
"takes",19
"tweet",19
"works",19
"2010",18
"age",18
"among",18
"books",18
"boy",18
"chris",18
"club",18
"college",18
"earlier",18
"expected",18
"eyes",18
"fresh",18
"funny",18
"gets",18
"happen",18
"history",18
"hospital",18
"known",18
"send",18
"side",18
"song",18
"video",18
"waiting",18
"wants",18
"wrong",18
"2012",17
"april",17
"available",17
"became",17
"cut",17
"dinner",17
"drive",17
"felt",17
"front",17
"hair",17
"hell",17
"hot",17
"information",17
"instead",17
"international",17
"line",17
"living",17
"louis",17
"pick",17
"plans",17
"private",17
"questions",17
"reported",17
"single",17
"space",17
"stadium",17
"starting",17
"strong",17
"stuff",17
"tax",17
"trip",17
"wasnt",17
"2011",16
"‚Äú",16
"air",16
"angeles",16
"based",16
"beach",16
"challenge",16
"choose",16
"close",16
"comes",16
"council",16
"cover",16
"create",16
"deal",16
"definitely",16
"despite",16
"director",16
"fall",16
"future",16
"green",16
"happened",16
"havent",16
"hour",16
"imagine",16
"john",16
"jones",16
"knew",16
"los",16
"middle",16
"monday",16
"mother",16
"moving",16
"order",16
"pass",16
"price",16
"process",16
"rather",16
"record",16
"regular",16
"spring",16
"staff",16
"station",16
"total",16
"website",16
"welcome",16
"whose",16
"wonderful",16
"worth",16
"allowed",15
"beginning",15
"break",15
"california",15
"couple",15
"dark",15
"david",15
"difference",15
"east",15
"entire",15
"evening",15
"events",15
"fight",15
"gonna",15
"impact",15
"jersey",15
"johnson",15
"leave",15
"light",15
"martin",15
"near",15
"nearly",15
"novel",15
"omg",15
"online",15
"perhaps",15
"personal",15
"pictures",15
"political",15
"position",15
"report",15
"rock",15
"round",15
"saturday",15
"songs",15
"stage",15
"sun",15
"table",15
"taste",15
"technology",15
"training",15
"united",15
"visit",15
"winner",15
"wow",15
"yeah",15
"added",14
"alone",14
"answer",14
"ass",14
"attention",14
"bought",14
"build",14
"cause",14
"chicken",14
"coach",14
"development",14
"dry",14
"facebook",14
"father",14
"federal",14
"feeling",14
"force",14
"held",14
"hotel",14
"include",14
"internet",14
"kitchen",14
"lives",14
"looks",14
"lucky",14
"market",14
"member",14
"movies",14
"natural",14
"offers",14
"outside",14
"piece",14
"provide",14
"reality",14
"republican",14
"running",14
"serve",14
"simple",14
"sleep",14
"talking",14
"throughout",14
"tried",14
"walk",14
"wall",14
"warm",14
"although",13
"america",13
"average",13
"band",13
"bed",13
"blood",13
"car",13
"cheese",13
"church",13
"cleveland",13
"continue",13
"control",13
"cost",13
"currently",13
"date",13
"death",13
"decide",13
"economy",13
"eight",13
"especially",13
"exactly",13
"failed",13
"fan",13
"followed",13
"football",13
"form",13
"goal",13
"ground",13
"heat",13
"longer",13
"looked",13
"meant",13
"minute",13
"okay",13
"ones",13
"organization",13
"picture",13
"planning",13
"popular",13
"quit",13
"realize",13
"recent",13
"role",13
"shot",13
"shows",13
"simply",13
"stand",13
"stick",13
"store",13
"style",13
"text",13
"view",13
"voice",13
"war",13
"worked",13
"worry",13
"youll",13
"act",12
"action",12
"agent",12
"aint",12
"ball",12
"beat",12
"block",12
"born",12
"bottom",12
"central",12
"changes",12
"charged",12
"chicago",12
"choice",12
"common",12
"consider",12
"costs",12
"crazy",12
"creek",12
"damn",12
"design",12
"dog",12
"drink",12
"effort",12
"eventually",12
"example",12
"eye",12
"families",12
"fear",12
"finding",12
"folks",12
"fuck",12
"gives",12
"google",12
"growth",12
"hold",12
"issues",12
"kings",12
"learn",12
"legal",12
"letter",12
"likely",12
"lots",12
"major",12
"media",12
"meeting",12
"met",12
"michael",12
"missed",12
"moved",12
"normal",12
"numbers",12
"offering",12
"original",12
"ppl",12
"practice",12
"putting",12
"quality",12
"research",12
"row",12
"safety",12
"save",12
"seem",12
"seemed",12
"sent",12
"sex",12
"shes",12
"smart",12
"sold",12
"spent",12
"star",12
"teachers",12
"test",12
"thoughts",12
"title",12
"totally",12
"tour",12
"travel",12
"tree",12
"upon",12
"value",12
"washington",12
"wear",12
"weather",12
"whatever",12
"within",12
"write",12
"wrote",12
"2009",11
"agreed",11
"ahead",11
"allow",11
"amount",11
"areas",11
"bay",11
"began",11
"begin",11
"beyond",11
"boston",11
"bout",11
"bowl",11
"boys",11
"brought",11
"cat",11
"certain",11
"character",11
"characters",11
"clean",11
"companies",11
"conference",11
"created",11
"creative",11
"dance",11
"decision",11
"district",11
"doubt",11
"dough",11
"dreams",11
"dress",11
"effect",11
"employees",11
"enter",11
"fill",11
"filled",11
"focus",11
"funding",11
"general",11
"hall",11
"hands",11
"heading",11
"i‚Äôd",11
"james",11
"jim",11
"jobs",11
"july",11
"june",11
"levels",11
"magazine",11
"marriage",11
"opened",11
"opinion",11
"parts",11
"passed",11
"period",11
"plus",11
"prayer",11
"prison",11
"problems",11
"products",11
"recently",11
"residents",11
"restaurant",11
"rights",11
"risk",11
"sat",11
"scored",11
"situation",11
"skin",11
"snow",11
"sports",11
"stories",11
"student",11
"there‚Äôs",11
"tickets",11
"till",11
"tough",11
"turned",11
"union",11
"unless",11
"valley",11
"wanna",11
"ways",11
"wearing",11
"wild",11
"‚Äúthe",10
"accept",10
"activity",10
"additional",10
"advertising",10
"afternoon",10
"agency",10
"appreciate",10
"assistant",10
"avoid",10
"background",10
"broken",10
"calls",10
"caught",10
"claim",10
"classes",10
"clear",10
"coffee",10
"comment",10
"congrats",10
"cook",10
"cup",10
"cute",10
"daily",10
"daughter",10
"dead",10
"decided",10
"died",10
"email",10
"emergency",10
"etc",10
"executive",10
"extra",10
"fair",10
"fine",10
"fire",10
"flowers",10
"followers",10
"fourth",10
"francisco",10
"gone",10
"greatest",10
"grew",10
"hoping",10
"immediately",10
"industry",10
"insurance",10
"kill",10
"knows",10
"land",10
"large",10
"leaving",10
"lmao",10
"low",10
"luck",10
"magic",10
"management",10
"march",10
"married",10
"mention",10
"names",10
"nation",10
"nights",10
"offer",10
"officers",10
"pain",10
"photo",10
"press",10
"previous",10
"pub",10
"rain",10
"range",10
"receive",10
"relationship",10
"reports",10
"respect",10
"rich",10
"roll",10
"sad",10
"salmon",10
"scene",10
"schools",10
"seasons",10
"seconds",10
"seeing",10
"seven",10
"sexy",10
"shots",10
"sit",10
"south",10
"standing",10
"starts",10
"step",10
"stores",10
"studio",10
"success",10
"talent",10
"telling",10
"ten",10
"term",10
"terms",10
"thinks",10
"truly",10
"ugh",10
"usa",10
"via",10
"vote",10
"weve",10
"whos",10
"wife",10
"winter",10
"written",10
"yoga",10
"youve",10
"absolutely",9
"anyway",9
"base",9
"basketball",9
"bills",9
"bringing",9
"cents",9
"certainly",9
"claims",9
"classic",9
"complete",9
"congress",9
"considering",9
"conversation",9
"couldnt",9
"crash",9
"culture",9
"davis",9
"decades",9
"decisions",9
"diego",9
"driving",9
"dude",9
"earned",9
"eating",9
"economic",9
"election",9
"episode",9
"everybody",9
"excellent",9
"exchange",9
"faces",9
"feb",9
"final",9
"financial",9
"firm",9
"flower",9
"fund",9
"gas",9
"grade",9
"groups",9
"highly",9
"homes",9
"husband",9
"i‚Äôll",9
"i‚Äôve",9
"included",9
"income",9
"increased",9
"island",9
"isn‚Äôt",9
"jesus",9
"joe",9
"join",9
"joined",9
"killed",9
"knowing",9
"language",9
"largest",9
"leadership",9
"leading",9
"learned",9
"led",9
"library",9
"liked",9
"listening",9
"lord",9
"loves",9
"lunch",9
"main",9
"mark",9
"marketing",9
"mayor",9
"medical",9
"memorial",9
"mentioned",9
"mine",9
"modern",9
"named",9
"net",9
"nose",9
"note",9
"opportunity",9
"overall",9
"particular",9
"picks",9
"plays",9
"pool",9
"potential",9
"pressure",9
"prevent",9
"programs",9
"proved",9
"pull",9
"quarter",9
"raised",9
"ran",9
"recipes",9
"released",9
"remain",9
"remains",9
"resort",9
"results",9
"romney",9
"safe",9
"sale",9
"score",9
"serious",9
"seriously",9
"shoot",9
"shopping",9
"showed",9
"singing",9
"sitting",9
"size",9
"skills",9
"smile",9
"smith",9
"sort",9
"spending",9
"streets",9
"study",9
"suffered",9
"sugar",9
"supposed",9
"teacher",9
"tells",9
"terrible",9
"texas",9
"they‚Äôre",9
"track",9
"trade",9
"train",9
"truth",9
"twice",9
"various",9
"venture",9
"views",9
"visitors",9
"willing",9
"worse",9
"wouldnt",9
"yay",9
"1970s",8
"1st",8
"200",8
"ability",8
"account",8
"adding",8
"analysis",8
"annual",8
"armed",8
"asking",8
"audience",8
"aware",8
"awful",8
"bag",8
"becoming",8
"biggest",8
"bitch",8
"bob",8
"boring",8
"bottle",8
"box",8
"brain",8
"bridge",8
"brothers",8
"budget",8
"built",8
"bus",8
"calling",8
"can‚Äôt",8
"candidates",8
"cards",8
"chapter",8
"chosen",8
"click",8
"closed",8
"clothes",8
"cold",8
"committee",8
"competition",8
"completely",8
"contact",8
"corner",8
"crew",8
"dancing",8
"dear",8
"decade",8
"deep",8
"defense",8
"defensive",8
"degree",8
"difficult",8
"direction",8
"doctor",8
"door",8
"double",8
"drinks",8
"earth",8
"ended",8
"english",8
"entry",8
"environmental",8
"expect",8
"fabulous",8
"fast",8
"feels",8
"fell",8
"finish",8
"guitar",8
"happens",8
"haven‚Äôt",8
"helped",8
"ice",8
"individual",8
"judge",8
"keeping",8
"kept",8
"kick",8
"labor",8
"lake",8
"laws",8
"leader",8
"leaves",8
"literally",8
"luv",8
"manager",8
"miles",8
"missing",8
"mountain",8
"murder",8
"nations",8
"nature",8
"neighborhood",8
"newspaper",8
"nine",8
"nobody",8
"noon",8
"oregon",8
"paying",8
"peoples",8
"peter",8
"philadelphia",8
"pizza",8
"places",8
"policy",8
"poor",8
"profile",8
"provided",8
"punch",8
"quick",8
"readers",8
"reasons",8
"rebounds",8
"records",8
"related",8
"result",8
"riding",8
"rise",8
"rose",8
"rule",8
"rules",8
"santa",8
"search",8
"served",8
"shouldnt",8
"similar",8
"slightly",8
"somewhere",8
"son",8
"sound",8
"spend",8
"spread",8
"steps",8
"stopped",8
"straight",8
"strength",8
"suit",8
"taught",8
"teams",8
"television",8
"thanksgiving",8
"theme",8
"theyll",8
"thomas",8
"tired",8
"treatment",8
"trial",8
"tweets",8
"type",8
"unique",8
"urban",8
"usually",8
"vocals",8
"watched",8
"we‚Äôve",8
"wedding",8
"weight",8
"worst",8
"yall",8
"1000",7
"2007",7
"accepted",7
"administration",7
"agents",7
"announced",7
"apple",7
"appropriate",7
"arms",7
"arrived",7
"artist",7
"artists",7
"association",7
"attack",7
"attacks",7
"attorney",7
"august",7
"austin",7
"author",7
"avenue",7
"brand",7
"brilliant",7
"brother",7
"camp",7
"campus",7
"carter",7
"cases",7
"caused",7
"chances",7
"checking",7
"chief",7
"chocolate",7
"circle",7
"coast",7
"comments",7
"computer",7
"concerns",7
"considered",7
"constantly",7
"contest",7
"controls",7
"cream",7
"cross",7
"crowd",7
"customers",7
"cuz",7
"declined",7
"denver",7
"die",7
"directly",7
"division",7
"dogs",7
"dollars",7
"driver",7
"easily",7
"energy",7
"england",7
"enjoyed",7
"espn",7
"europe",7
"extend",7
"faith",7
"fake",7
"fantastic",7
"fat",7
"feet",7
"finance",7
"forces",7
"forgive",7
"garden",7
"gay",7
"global",7
"goals",7
"gorgeous",7
"gotten",7
"grateful",7
"grow",7
"guest",7
"guests",7
"guilty",7
"happening",7
"hasnt",7
"hearing",7
"helps",7
"higher",7
"hitting",7
"honor",7
"houston",7
"hunter",7
"hurt",7
"ignore",7
"images",7
"incredible",7
"indeed",7
"info",7
"interest",7
"involved",7
"issued",7
"japanese",7
"journey",7
"keeps",7
"killing",7
"kinda",7
"knee",7
"knit",7
"lack",7
"lay",7
"league",7
"letters",7
"likes",7
"link",7
"lower",7
"mad",7
"maintenance",7
"measure",7
"message",7
"milk",7
"movement",7
"museum",7
"neighborhoods",7
"nervous",7
"network",7
"nfl",7
"none",7
"nope",7
"november",7
"opening",7
"organized",7
"owners",7
"particularly",7
"partner",7
"pic",7
"placed",7
"policies",7
"politics",7
"prices",7
"product",7
"property",7
"published",7
"quote",7
"random",7
"reach",7
"reader",7
"require",7
"review",7
"rising",7
"river",7
"route",7
"runs",7
"sauce",7
"schedule",7
"scream",7
"screen",7
"seattle",7
"selling",7
"sending",7
"september",7
"shall",7
"shares",7
"shirt",7
"shoes",7
"shop",7
"showing",7
"sick",7
"sides",7
"signs",7
"somehow",7
"spirit",7
"steve",7
"stuck",7
"stupid",7
"supreme",7
"surprised",7
"survival",7
"talented",7
"taxes",7
"thousands",7
"thunder",7
"thus",7
"tiny",7
"tips",7
"toward",7
"towards",7
"trees",7
"trend",7
"trust",7
"turkey",7
"van",7
"version",7
"virginia",7
"voters",7
"walked",7
"we‚Äôre",7
"wed",7
"whenever",7
"wide",7
"wind",7
"winning",7
"wondering",7
"workers",7
"worried",7
"yards",7
"you‚Äôre",7
"youd",7
"1980s",6
"2006",6
"4th",6
"500",6
"911",6
"active",6
"actual",6
"addition",6
"adult",6
"airport",6
"amazon",6
"americans",6
"angry",6
"animals",6
"appeared",6
"arrested",6
"athletic",6
"attended",6
"attending",6
"attitude",6
"ave",6
"ballot",6
"baseball",6
"basic",6
"basis",6
"becomes",6
"behavior",6
"benefit",6
"birds",6
"bitter",6
"blazers",6
"blind",6
"blue",6
"brewers",6
"broke",6
"bunch",6
"busy",6
"capitol",6
"carolina",6
"cash",6
"celebrate",6
"chair",6
"champagne",6
"charge",6
"charges",6
"charles",6
"chili",6
"chose",6
"christ",6
"cleaning",6
"clients",6
"closer",6
"coaches",6
"coaching",6
"collecting",6
"commission",6
"committees",6
"compared",6
"concern",6
"connection",6
"contributions",6
"cookie",6
"cooking",6
"couldn‚Äôt",6
"count",6
"coverage",6
"criminal",6
"cups",6
"current",6
"dad",6
"damage",6
"deaths",6
"debate",6
"december",6
"described",6
"details",6
"developed",6
"districts",6
"doll",6
"drop",6
"drove",6
"drug",6
"easier",6
"eligible",6
"emotional",6
"enforcement",6
"enjoying",6
"everyones",6
"evidence",6
"exam",6
"exercise",6
"existing",6
"expects",6
"extremely",6
"fabric",6
"failure",6
"famous",6
"farm",6
"feed",6
"filed",6
"fish",6
"fit",6
"fix",6
"fixed",6
"florida",6
"forever",6
"french",6
"fully",6
"funds",6
"funeral",6
"galaxy",6
"george",6
"gov",6
"grand",6
"hahahaha",6
"hang",6
"healing",6
"heavy",6
"hello",6
"hill",6
"hired",6
"hole",6
"holiday",6
"holidays",6
"honestly",6
"hopes",6
"ideas",6
"increase",6
"increasing",6
"injuries",6
"injury",6
"inspired",6
"interested",6
"investigation",6
"investment",6
"ipad",6
"israel",6
"item",6
"jan",6
"jane",6
"jason",6
"jazz",6
"joint",6
"joy",6
"justice",6
"kentucky",6
"kid",6
"largely",6
"lately",6
"lawyers",6
"lee",6
"let‚Äôs",6
"lie",6
"limit",6
"lines",6
"links",6
"lit",6
"lose",6
"loser",6
"loud",6
"machine",6
"male",6
"manning",6
"medium",6
"mexico",6
"michigan",6
"millions",6
"milwaukee",6
"missouri",6
"mix",6
"moments",6
"moon",6
"mostly",6
"motion",6
"motor",6
"mrs",6
"nba",6
"northern",6
"obviously",6
"offered",6
"older",6
"onto",6
"orange",6
"paint",6
"painted",6
"pair",6
"pan",6
"panel",6
"passing",6
"paul",6
"peace",6
"percentage",6
"perform",6
"phoenix",6
"physical",6
"pin",6
"pins",6
"planned",6
"population",6
"portland",6
"powder",6
"pregnancy",6
"present",6
"prince",6
"professional",6
"professionals",6
"projects",6
"promotion",6
"proposal",6
"proposed",6
"pushing",6
"quickly",6
"racing",6
"rates",6
"realized",6
"regardless",6
"release",6
"remembered",6
"required",6
"requires",6
"reserve",6
"resources",6
"rob",6
"rocks",6
"rooms",6
"sales",6
"saved",6
"science",6
"searching",6
"self",6
"senate",6
"separate",6
"serves",6
"session",6
"shore",6
"shoutout",6
"sign",6
"skirt",6
"smell",6
"sons",6
"soul",6
"spanish",6
"speak",6
"spokeswoman",6
"stayed",6
"stephen",6
"stood",6
"sunny",6
"tackles",6
"taxpayers",6
"taylor",6
"teach",6
"thankful",6
"throw",6
"thx",6
"ticket",6
"tied",6
"tip",6
"tone",6
"tradition",6
"traditional",6
"traffic",6
"trainer",6
"ultimate",6
"units",6
"usual",6
"vegas",6
"videos",6
"walking",6
"walnuts",6
"weapons",6
"weekends",6
"western",6
"william",6
"window",6
"wonder",6
"wondered",6
"workout",6
"worthy",6
"youth",6
"10th",5
"2002",5
"2003",5
"2008",5
"3000",5
"3rd",5
"‚Ä¶",5
"accounting",5
"accounts",5
"actions",5
"actress",5
"address",5
"addressed",5
"adds",5
"adults",5
"afraid",5
"aid",5
"album",5
"alex",5
"alive",5
"alot",5
"alternative",5
"andrea",5
"andrew",5
"animal",5
"anniversary",5
"announce",5
"announcement",5
"annoying",5
"anymore",5
"anywhere",5
"apartment",5
"appeal",5
"appear",5
"appears",5
"approach",5
"approved",5
"arent",5
"arrest",5
"article",5
"asks",5
"associated",5
"assume",5
"authorities",5
"authority",5
"awards",5
"bands",5
"barely",5
"basically",5
"bears",5
"beauty",5
"benefits",5
"bet",5
"bike",5
"bird",5
"birth",5
"bj„∂rk",5
"blessed",5
"blogging",5
"blogs",5
"blues",5
"blunt",5
"border",5
"bottles",5
"breakfast",5
"brings",5
"bronze",5
"brunch",5
"btw",5
"bush",5
"businesses",5
"cake",5
"calm",5
"catch",5
"cave",5
"cemetery",5
"century",5
"chamber",5
"chapters",5
"cheap",5
"china",5
"citing",5
"citizens",5
"classy",5
"closing",5
"cloud",5
"code",5
"colours",5
"columbus",5
"communities",5
"complex",5
"concerned",5
"congratulations",5
"content",5
"continued",5
"convention",5
"corn",5
"corporate",5
"correct",5
"covered",5
"crisp",5
"cry",5
"crying",5
"crystal",5
"custom",5
"dealing",5
"dedicated",5
"degrees",5
"delicious",5
"deny",5
"desert",5
"detail",5
"detroit",5
"devils",5
"direct",5
"disagree",5
"diverse",5
"doors",5
"downtown",5
"draft",5
"driveway",5
"drunk",5
"dumb",5
"duncan",5
"eagles",5
"earnings",5
"effective",5
"emily",5
"encourage",5
"ends",5
"epic",5
"equipment",5
"error",5
"established",5
"evil",5
"exact",5
"explained",5
"faced",5
"factor",5
"failing",5
"falling",5
"fantasy",5
"fashion",5
"favorites",5
"fifth",5
"fighting",5
"figures",5
"filing",5
"fingers",5
"floor",5
"flow",5
"flying",5
"focused",5
"foot",5
"foreclosure",5
"fruit",5
"fucking",5
"gallery",5
"gateway",5
"gathered",5
"gift",5
"girlfriend",5
"giveaway",5
"gold",5
"golden",5
"goodnight",5
"grab",5
"graduation",5
"grant",5
"griffin",5
"grill",5
"gym",5
"haiti",5
"hanging",5
"harder",5
"headed",5
"healthy",5
"helpful",5
"heres",5
"highway",5
"hills",5
"historic",5
"holding",5
"holy",5
"hong",5
"horse",5
"hottest",5
"housing",5
"hundreds",5
"identified",5
"ima",5
"includes",5
"indicated",5
"individuals",5
"interests",5
"interview",5
"investigating",5
"italian",5
"jackie",5
"jake",5
"journal",5
"jus",5
"justin",5
"king",5
"knock",5
"ladies",5
"lady",5
"lazy",5
"liberal",5
"lighting",5
"lil",5
"limited",5
"listed",5
"listen",5
"lived",5
"location",5
"logo",5
"magazines",5
"mainly",5
"manage",5
"marked",5
"markets",5
"marry",5
"mary",5
"massive",5
"match",5
"maximum",5
"meal",5
"memories",5
"menu",5
"mike",5
"military",5
"mill",5
"min",5
"minister",5
"mission",5
"mixture",5
"mode",5
"molasses",5
"moms",5
"mouth",5
"muslim",5
"native",5
"neat",5
"nick",5
"notice",5
"noticed",5
"october",5
"offense",5
"officer",5
"official",5
"operation",5
"opposite",5
"options",5
"orleans",5
"outstanding",5
"oven",5
"overtime",5
"pack",5
"package",5
"packers",5
"pages",5
"paid",5
"participate",5
"parties",5
"passion",5
"patterns",5
"peaceful",5
"performance",5
"physically",5
"picking",5
"pie",5
"pittsburgh",5
"placing",5
"plane",5
"plaza",5
"plenty",5
"politicians",5
"polls",5
"port",5
"positive",5
"posted",5
"pray",5
"pregnant",5
"prepared",5
"prime",5
"prior",5
"prize",5
"produce",5
"professor",5
"proud",5
"purchased",5
"push",5
"quarterback",5
"quotes",5
"raises",5
"ray",5
"reaction",5
"received",5
"reese",5
"regional",5
"regret",5
"regularly",5
"religion",5
"religious",5
"remarks",5
"repeat",5
"request",5
"respond",5
"response",5
"responsibility",5
"retail",5
"reveal",5
"revealed",5
"revolution",5
"riots",5
"risks",5
"roof",5
"root",5
"russia",5
"ryan",5
"salt",5
"saving",5
"scared",5
"scary",5
"sea",5
"secret",5
"security",5
"senior",5
"sets",5
"setting",5
"she‚Äôs",5
"shelter",5
"shooting",5
"shops",5
"shut",5
"signed",5
"similarly",5
"sir",5
"sites",5
"sleepy",5
"slow",5
"smaller",5
"smoke",5
"soft",5
"solution",5
"somebody",5
"speaking",5
"speech",5
"spokesman",5
"spots",5
"square",5
"stamp",5
"stays",5
"steel",5
"stimulus",5
"stock",5
"strange",5
"strategy",5
"streaming",5
"struggling",5
"studies",5
"subject",5
"suck",5
"suffering",5
"suppose",5
"surgery",5
"swear",5
"talked",5
"tall",5
"target",5
"task",5
"tears",5
"tight",5
"til",5
"tim",5
"touch",5
"trail",5
"trailer",5
"trials",5
"turning",5
"turns",5
"typical",5
"underground",5
"update",5
"verbal",5
"veteran",5
"victims",5
"village",5
"visits",5
"voting",5
"wanting",5
"wash",5
"wasn‚Äôt",5
"waves",5
"weird",5
"williams",5
"witch",5
"worldwide",5
"yard",5
"yea",5
"yellow",5
"yep",5
"you‚Äôll",5
"-called",4
"107",4
"115",4
"12th",4
"150",4
"17th",4
"1960s",4
"1968",4
"1992",4
"1998",4
"2000",4
"2005",4
"20th",4
"2nd",4
"400",4
"‚Äúif",4
"‚Äúit",4
"‚Äúit‚Äôs",4
"abortion",4
"academic",4
"academy",4
"activities",4
"adams",4
"administrators",4
"advantage",4
"adventure",4
"advocate",4
"agenda",4
"alan",4
"allen",4
"allows",4
"americas",4
"analyst",4
"analysts",4
"ancient",4
"ankle",4
"ann",4
"answers",4
"apparently",4
"applies",4
"approval",4
"approve",4
"arts",4
"ashley",4
"att",4
"attempt",4
"attempts",4
"attend",4
"avengers",4
"award",4
"awarded",4
"awareness",4
"„û„≥r",4
"babe",4
"backed",4
"backup",4
"bacon",4
"bags",4
"baker",4
"balance",4
"bank",4
"bass",4
"battle",4
"bear",4
"begins",4
"believed",4
"berry",4
"billions",4
"birdie",4
"blake",4
"bother",4
"boulder",4
"boyfriend",4
"bread",4
"brewery",4
"brian",4
"brief",4
"britain",4
"bro",4
"browns",4
"buckets",4
"buildings",4
"burn",4
"butler",4
"butter",4
"buying",4
"cable",4
"cancer",4
"candy",4
"capital",4
"careers",4
"carlos",4
"cars",4
"cassel",4
"celebrated",4
"celebrating",4
"celebration",4
"centre",4
"challenging",4
"championship",4
"changed",4
"changing",4
"channel",4
"chart",4
"cheaper",4
"checked",4
"chef",4
"chemistry",4
"chest",4
"childrens",4
"choices",4
"christopher",4
"cities",4
"citys",4
"civil",4
"claimed",4
"clearly",4
"climate",4
"collect",4
"collection",4
"collective",4
"color",4
"colorado",4
"colors",4
"combat",4
"combined",4
"comfortable",4
"comics",4
"commissioner",4
"communication",4
"complaint",4
"complicated",4
"comprehensive",4
"computers",4
"concert",4
"condition",4
"conditions",4
"confidence",4
"confident",4
"connect",4
"connected",4
"consistent",4
"constitution",4
"contains",4
"continues",4
"contract",4
"controversial",4
"cookies",4
"coordinator",4
"copyright",4
"core",4
"cousin",4
"credits",4
"crowds",4
"crows",4
"crust",4
"cult",4
"dallas",4
"dangerous",4
"dare",4
"data",4
"deadline",4
"dealer",4
"debt",4
"deeply",4
"def",4
"delivered",4
"delivery",4
"democrat",4
"democrats",4
"depending",4
"depends",4
"depressed",4
"deserves",4
"designed",4
"desire",4
"desk",4
"desperately",4
"destruction",4
"determined",4
"develop",4
"developing",4
"diabetes",4
"dial",4
"dies",4
"digital",4
"discover",4
"disney",4
"dodgers",4
"doesn‚Äôt",4
"dolores",4
"dominate",4
"dozen",4
"drama",4
"dream",4
"dressed",4
"drew",4
"drinking",4
"drugs",4
"duck",4
"dying",4
"earning",4
"earthquake",4
"easter",4
"eastern",4
"edge",4
"editorial",4
"elected",4
"elements",4
"elsewhere",4
"emerging",4
"employee",4
"empty",4
"ending",4
"engine",4
"enhanced",4
"ensure",4
"entered",4
"entering",4
"entertainment",4
"environment",4
"era",4
"eve",4
"except",4
"exciting",4
"expand",4
"expectations",4
"expensive",4
"experiencing",4
"express",4
"fab",4
"facing",4
"falls",4
"fame",4
"familiar",4
"faster",4
"fault",4
"february",4
"fellow",4
"female",4
"fest",4
"festival",4
"figure",4
"figured",4
"films",4
"flat",4
"flavors",4
"fly",4
"forced",4
"formed",4
"foundation",4
"franchise",4
"frank",4
"frequently",4
"frustrated",4
"fucked",4
"furniture",4
"gang",4
"garage",4
"generate",4
"giants",4
"glass",4
"graduate",4
"grass",4
"greece",4
"grocery",4
"grounds",4
"growing",4
"grown",4
"gun",4
"haired",4
"halloween",4
"hat",4
"he‚Äôs",4
"heaven",4
"henry",4
"hidden",4
"hide",4
"highest",4
"hilarious",4
"hint",4
"hip",4
"hits",4
"hmm",4
"hockey",4
"honest",4
"hood",4
"hop",4
"hopefully",4
"horizon",4
"hosting",4
"houses",4
"howell",4
"hungry",4
"hunt",4
"ian",4
"identity",4
"illegal",4
"immediate",4
"impossible",4
"improve",4
"inc",4
"increases",4
"increasingly",4
"independence",4
"indiana",4
"initial",4
"input",4
"inspiration",4
"institute",4
"intelligence",4
"investigators",4
"involving",4
"iona",4
"iphone",4
"iraq",4
"islamic",4
"jamie",4
"january",4
"jealous",4
"jerel",4
"jerry",4
"jets",4
"joke",4
"jordan",4
"jose",4
"jump",4
"junior",4
"jury",4
"kevin",4
"kidding",4
"kim",4
"knowledge",4
"lab",4
"laden",4
"lakers",4
"laugh",4
"launch",4
"launched",4
"lawmakers",4
"leaders",4
"learning",4
"leg",4
"legislation",4
"letting",4
"lifetime",4
"lifted",4
"lightly",4
"lists",4
"lobby",4
"locals",4
"locations",4
"london",4
"long-term",4
"losing",4
"lovely",4
"loyal",4
"luckily",4
"majority",4
"managed",4
"marathon",4
"marshall",4
"marvin",4
"maryland",4
"max",4
"mental",4
"mexican",4
"mexicos",4
"meyer",4
"miami",4
"miguel",4
"mile",4
"mingo",4
"minnesota",4
"mississippi",4
"mistake",4
"mitt",4
"mood",4
"motivated",4
"murdoch",4
"mutual",4
"nah",4
"nap",4
"napa",4
"nasty",4
"necessarily",4
"negative",4
"neither",4
"niggas",4
"nobodys",4
"notes",4
"nov",4
"nyc",4
"obtained",4
"obvious",4
"odd",4
"offensive",4
"omfg",4
"onions",4
"oomf",4
"operations",4
"opposed",4
"optional",4
"originally",4
"outfit",4
"owner",4
"pacers",4
"packed",4
"painting",4
"pants",4
"papers",4
"parent",4
"parking",4
"partnership",4
"path",4
"patio",4
"pcbs",4
"peeps",4
"penalty",4
"perfectly",4
"personally",4
"phil",4
"phones",4
"photos",4
"phrase",4
"picked",4
"pics",4
"pink",4
"pissed",4
"planet",4
"pleaded",4
"pleased",4
"plot",4
"pop",4
"pork",4
"possibility",4
"poster",4
"potentially",4
"prayers",4
"pre",4
"presented",4
"presents",4
"primary",4
"print",4
"profits",4
"programming",4
"progress",4
"prom",4
"promise",4
"prosecutors",4
"provides",4
"pulled",4
"purchases",4
"pure",4
"purpose",4
"queen",4
"quietly",4
"race",4
"raining",4
"rally",4
"reached",4
"receiving",4
"recommend",4
"recommendations",4
"recommended",4
"recycling",4
"reduced",4
"reelection",4
"region",4
"regulations",4
"relay",4
"reliable",4
"relief",4
"remaining",4
"remind",4
"reminds",4
"remove",4
"representative",4
"republicans",4
"resist",4
"resource",4
"restoration",4
"retired",4
"retirement",4
"returned",4
"revenue",4
"richard",4
"rick",4
"rid",4
"rip",4
"ritual",4
"robbery",4
"roberts",4
"robot",4
"rocky",4
"rogers",4
"rolling",4
"rolls",4
"romans",4
"romantic",4
"rookie",4
"rush",4
"sacramento",4
"scare",4
"scheduled",4
"scoring",4
"scratch",4
"screens",4
"seat",4
"seats",4
"sector",4
"seed",4
"sell",4
"semester",4
"sensitive",4
"sentence",4
"sept",4
"severe",4
"shake",4
"shape",4
"shared",4
"sharing",4
"sharp",4
"sheets",4
"ship",4
"shock",4
"signature",4
"signing",4
"sip",4
"sketch",4
"skillet",4
"sleeping",4
"slice",4
"slocum",4
"sloppy",4
"smh",4
"snap",4
"soccer",4
"software",4
"somewhat",4
"sought",4
"source",4
"sox",4
"specialized",4
"specific",4
"spoke",4
"stable",4
"staffing",4
"starbucks",4
"stars",4
"stepped",4
"sticks",4
"stops",4
"storm",4
"stronger",4
"structure",4
"studying",4
"stuffed",4
"stunning",4
"sucks",4
"suddenly",4
"suggest",4
"suggested",4
"supporting",4
"surely",4
"surprise",4
"surprising",4
"survive",4
"survived",4
"suspended",4
"swimming",4
"switch",4
"sxsw",4
"tackle",4
"talks",4
"tape",4
"taxpayer",4
"teaching",4
"teammates",4
"technical",4
"technological",4
"teeth",4
"temperatures",4
"temporary",4
"tend",4
"testing",4
"theater",4
"therapy",4
"thoroughly",4
"tom",4
"tonights",4
"tons",4
"tournament",4
"tower",4
"transportation",4
"truck",4
"tune",4
"twenty",4
"unfortunately",4
"unit",4
"unlike",4
"unlikely",4
"unnecessary",4
"useful",4
"useless",4
"vacation",4
"values",4
"variety",4
"veterans",4
"vice",4
"victory",4
"vineyards",4
"votes",4
"waited",4
"wake",4
"ward",4
"warner",4
"warning",4
"wat",4
"wax",4
"weapon",4
"weekly",4
"weigh",4
"wet",4
"whisk",4
"widely",4
"windows",4
"wines",4
"wins",4
"wireless",4
"wise",4
"wishing",4
"won‚Äôt",4
"woodchuck",4
"wore",4
"wouldn‚Äôt",4
"wrapped",4
"writer",4
"younger",4
"youngest",4
"youtube",4
"yum",4
"zone",4
"-american",3
"10-year",3
"10000",3
"100000",3
"106",3
"1099-cs",3
"11th",3
"125",3
"130",3
"140",3
"1953",3
"1956",3
"1983",3
"1987",3
"2-3",3
"2001",3
"2004",3
"213",3
"300",3
"308",3
"5000",3
"50000",3
"5pm",3
"7pm",3
"7th",3
"8pm",3
"‚Äúare",3
"‚Äújust",3
"‚Äúno",3
"‚Äúwe",3
"‚Äúwhen",3
"‚Äúyou",3
"aaron",3
"abused",3
"accessories",3
"accountability",3
"accused",3
"acting",3
"acts",3
"adam",3
"admit",3
"adorable",3
"advance",3
"affairs",3
"affect",3
"african-american",3
"aged",3
"agencies",3
"aimed",3
"airwaves",3
"aka",3
"alter",3
"altered",3
"amazingly",3
"amounts",3
"amy",3
"ana",3
"ancestors",3
"anderson",3
"android",3
"angels",3
"annually",3
"answered",3
"anxiety",3
"apologize",3
"apparent",3
"appeals",3
"appearance",3
"application",3
"apply",3
"aren‚Äôt",3
"arguably",3
"argued",3
"arizona",3
"army",3
"arsenal",3
"aside",3
"assistance",3
"assuming",3
"attached",3
"attendance",3
"attributed",3
"‚ô•",3
"auburn",3
"aug",3
"authors",3
"auto",3
"availability",3
"averaging",3
"aww",3
"badges",3
"badly",3
"bail",3
"bake",3
"balanced",3
"balls",3
"bankruptcy",3
"banks",3
"barcelona",3
"barrett",3
"basics",3
"basil",3
"basket",3
"bath",3
"bathroom",3
"beating",3
"beats",3
"beers",3
"begun",3
"behalf",3
"behaviour",3
"beliefs",3
"believes",3
"bell",3
"beloved",3
"ben",3
"bender",3
"benedict",3
"besides",3
"bible",3
"bid",3
"biden",3
"bieber",3
"bin",3
"bitches",3
"bits",3
"blend",3
"blessing",3
"blown",3
"bone",3
"bones",3
"boosting",3
"boot",3
"booth",3
"bradley",3
"breaking",3
"breathe",3
"bright",3
"broadcast",3
"browsing",3
"buddy",3
"buffet",3
"bulls",3
"bully",3
"buns",3
"bureau",3
"calendar",3
"calif",3
"candle",3
"cap",3
"captain",3
"captured",3
"cardinals",3
"cared",3
"careful",3
"carefully",3
"carl",3
"carried",3
"carry",3
"casino",3
"casual",3
"catholic",3
"causes",3
"cell",3
"ceo",3
"cha",3
"chairman",3
"champion",3
"chant",3
"charging",3
"charitable",3
"charlotte",3
"chefs",3
"chemical",3
"chi",3
"childhood",3
"chinatown",3
"chinese",3
"chip",3
"chips",3
"chocolates",3
"church‚Äôs",3
"cleaned",3
"clerk",3
"clever",3
"client",3
"cliff",3
"clinic",3
"clinical",3
"clouds",3
"coat",3
"cocaine",3
"coconut",3
"cody",3
"colored",3
"columbia",3
"comeback",3
"comedy",3
"comfy",3
"commercial",3
"commitment",3
"companion",3
"competitive",3
"completed",3
"complications",3
"component",3
"concentrate",3
"conclusion",3
"confirm",3
"confirmed",3
"conflict",3
"conservatism",3
"consortium",3
"conspiracy",3
"constructed",3
"consumed",3
"consumer",3
"contacted",3
"continental",3
"contributed",3
"cooked",3
"cookout",3
"copy",3
"corrections",3
"couch",3
"counsel",3
"counting",3
"countys",3
"courageous",3
"courthouse",3
"crack",3
"crap",3
"creation",3
"credit",3
"crimes",3
"crisis",3
"criticism",3
"cruise",3
"crumbling",3
"cultural",3
"curious",3
"currie",3
"cuyahoga",3
"daddy",3
"dang",3
"daniels",3
"dates",3
"dating",3
"daughters",3
"daunting",3
"dawn",3
"deals",3
"debts",3
"dec",3
"deficit",3
"definition",3
"deliver",3
"deliveries",3
"demi",3
"demonstrated",3
"denied",3
"depend",3
"depression",3
"depth",3
"deputies",3
"derby",3
"describe",3
"designs",3
"dessert",3
"destination",3
"detectives",3
"developers",3
"device",3
"devices",3
"dioxins",3
"directing",3
"directions",3
"disappeared",3
"discuss",3
"display",3
"displaying",3
"distinctive",3
"divers",3
"divided",3
"doctors",3
"documentary",3
"documents",3
"domestic",3
"dot",3
"dozens",3
"drain",3
"dramatic",3
"drawn",3
"dried",3
"dropped",3
"dropping",3
"drops",3
"drummer",3
"drums",3
"ducks",3
"dunno",3
"duplicate",3
"duty",3
"ˇòÇ",3
"ear",3
"ebook",3
"ecstatic",3
"editors",3
"edwards",3
"efficient",3
"efforts",3
"egg",3
"eggs",3
"ego",3
"einar",3
"elderly",3
"electronic",3
"elementary",3
"elimination",3
"elizabeth",3
"emails",3
"emotionally",3
"empires",3
"empowered",3
"encouragement",3
"engage",3
"engaged",3
"engaging",3
"enormous",3
"entertaining",3
"entrepreneurs",3
"entries",3
"equal",3
"eric",3
"escalating",3
"essay",3
"essential",3
"estimated",3
"everyday",3
"evident",3
"examined",3
"examples",3
"exception",3
"exec",3
"expanded",3
"expenses",3
"experiences",3
"experiment",3
"expressed",3
"extended",3
"fabrics",3
"facility",3
"fairness",3
"false",3
"fav",3
"favor",3
"fbi",3
"features",3
"females",3
"festivals",3
"festivities",3
"fiber",3
"fiction",3
"fields",3
"fierce",3
"fights",3
"filmmakers",3
"financially",3
"financing",3
"finds",3
"finger",3
"flavor",3
"fleet",3
"flight",3
"flights",3
"flour",3
"floyd",3
"flushing",3
"flyers",3
"follow-",3
"followback",3
"ford",3
"forecast",3
"foreign",3
"formation",3
"forms",3
"formula",3
"forth",3
"fortunately",3
"foul",3
"founded",3
"fountain",3
"fragile",3
"france",3
"frankly",3
"fraud",3
"freely",3
"frequency",3
"frequent",3
"fridge",3
"fries",3
"frozen",3
"frustration",3
"function",3
"gains",3
"gap",3
"gary",3
"gate",3
"gates",3
"gear",3
"gender",3
"genre",3
"gesso",3
"gettin",3
"giant",3
"gifts",3
"ginger",3
"glasses",3
"glendale",3
"gods",3
"golf",3
"governor",3
"gps",3
"graduated",3
"granger",3
"gucci",3
"guide",3
"guitarist",3
"gut",3
"habit",3
"hadn‚Äôt",3
"hahaha",3
"hampered",3
"handicap",3
"handle",3
"handling",3
"hangar",3
"harry",3
"harvest",3
"haters",3
"hats",3
"haunted",3
"hawaii",3
"hdr",3
"heads",3
"hearts",3
"heck",3
"hed",3
"heights",3
"hidalgo",3
"hire",3
"hiring",3
"historical",3
"holder",3
"holes",3
"hollywood",3
"homage",3
"homemade",3
"homework",3
"honey",3
"horror",3
"host",3
"howard",3
"hudson",3
"humor",3
"hundred",3
"hunken",3
"hurts",3
"husbands",3
"idk",3
"illinois",3
"imma",3
"immense",3
"immigration",3
"importance",3
"impressive",3
"inappropriate",3
"incident",3
"indirectly",3
"influence",3
"inherited",3
"initiative",3
"injured",3
"ink",3
"innocence",3
"intense",3
"interact",3
"interior",3
"interviews",3
"invented",3
"investments",3
"investors",3
"invitation",3
"invite",3
"involve",3
"iowa",3
"ireland",3
"irl",3
"irony",3
"irs",3
"irving",3
"isolated",3
"items",3
"jack",3
"japan",3
"jessica",3
"joes",3
"joining",3
"jokes",3
"jon",3
"jonathan",3
"journalists",3
"joyful",3
"judged",3
"judgment",3
"juice",3
"juliet",3
"junction",3
"kansas",3
"keith",3
"ken",3
"kennedy",3
"keys",3
"kicked",3
"kicking",3
"kiski",3
"kiss",3
"kit",3
"kno",3
"knots",3
"labeled",3
"laid",3
"landfills",3
"lapd",3
"larger",3
"larry",3
"las",3
"latest",3
"latino",3
"latter",3
"lawrence",3
"lawsuits",3
"lawyer",3
"layout",3
"leads",3
"leather",3
"lebron",3
"lefty",3
"legally",3
"legend",3
"length",3
"lesson",3
"lessons",3
"lewis",3
"libraries",3
"license",3
"lies",3
"lights",3
"limbs",3
"limiting",3
"lineup",3
"lmfao",3
"load",3
"loan",3
"loans",3
"locked",3
"locker",3
"longest",3
"lookin",3
"losses",3
"loving",3
"lush",3
"macaroni",3
"machines",3
"madden",3
"madison",3
"magical",3
"mall",3
"mama",3
"managing",3
"mandate",3
"manhattan",3
"mans",3
"manufacturing",3
"maps",3
"marc",3
"marie",3
"marrying",3
"marxists",3
"math",3
"matt",3
"matters",3
"maximize",3
"mcdonalds",3
"mcmanis",3
"me‚Äù",3
"meaning",3
"medal",3
"medications",3
"meetings",3
"melted",3
"memory",3
"merry",3
"mess",3
"metro",3
"mfa",3
"mid",3
"midnight",3
"miller",3
"minds",3
"minority",3
"mins",3
"mistakes",3
"mixing",3
"model",3
"models",3
"moist",3
"moisture",3
"monetary",3
"monitor",3
"monkey",3
"morally",3
"mouse",3
"moves",3
"multiple",3
"mustache",3
"mysterious",3
"mystery",3
"nancy",3
"nasa",3
"nathan",3
"ncaa",3
"neck",3
"neon",3
"nerd",3
"netflix",3
"nevada",3
"newark",3
"nhl",3
"nicole",3
"nike",3
"ninth",3
"nowplaying",3
"obamas",3
"obsession",3
"occasion",3
"occasionally",3
"offices",3
"officially",3
"olympic",3
"onion",3
"oops",3
"opera",3
"opponents",3
"option",3
"oracle",3
"ordered",3
"orders",3
"organic",3
"organizers",3
"osama",3
"oscar",3
"otherwise",3
"ounces",3
"outdoor",3
"outta",3
"overwhelming",3
"ownership",3
"packages",3
"packs",3
"paintings",3
"pancake",3
"papua",3
"paria",3
"paris",3
"parissi",3
"parnassus",3
"parole",3
"participants",3
"partners",3
"passes",3
"passport",3
"patients",3
"patriots",3
"patrons",3
"pattern",3
"pdt",3
"peak",3
"pelosi",3
"pending",3
"perception",3
"permit",3
"perry",3
"personalities",3
"pets",3
"photographer",3
"pieces",3
"pillows",3
"plaques",3
"playoff",3
"playoffs",3
"pleasing",3
"pleasure",3
"plug",3
"pointed",3
"pointing",3
"pointless",3
"polar",3
"porn",3
"postal",3
"posters",3
"pot",3
"potatoes",3
"potter",3
"pound",3
"powerful",3
"practical",3
"practicing",3
"praise",3
"praying",3
"predicted",3
"premiere",3
"presence",3
"preserve",3
"presidential",3
"pretend",3
"prevented",3
"previously",3
"pricing",3
"princess",3
"printing",3
"priorities",3
"priority",3
"prizes",3
"pro",3
"produced",3
"producer",3
"producing",3
"production",3
"productive",3
"promised",3
"proof",3
"properly",3
"protect",3
"protected",3
"protesters",3
"providing",3
"publishing",3
"pubs",3
"pujols",3
"pulling",3
"puppies",3
"purse",3
"pushed",3
"quack",3
"quarters",3
"que",3
"quiet",3
"rack",3
"rainy",3
"raise",3
"rare",3
"raw",3
"rayanne",3
"re-election",3
"receiver",3
"recession",3
"recipe",3
"recommendation",3
"recorded",3
"recording",3
"recovering",3
"redevelopment",3
"reduce",3
"reducing",3
"reel",3
"reform",3
"refuse",3
"refused",3
"rejections",3
"relations",3
"relationships",3
"relevant",3
"remained",3
"remarkable",3
"remote",3
"renovated",3
"reply",3
"reportedly",3
"reporter",3
"representatives",3
"requested",3
"responded",3
"responding",3
"responsible",3
"resting",3
"resume",3
"rev",3
"reward",3
"rewards",3
"ride",3
"rides",3
"ridiculous",3
"ring",3
"rings",3
"rival",3
"robots",3
"roles",3
"rolled",3
"roots",3
"roster",3
"routine",3
"royal",3
"royals",3
"rude",3
"ruff",3
"russian",3
"russo",3
"rutherford",3
"sac",3
"sacks",3
"salad",3
"sam",3
"sammy",3
"samples",3
"samsung",3
"sarah",3
"sarcasm",3
"satisfied",3
"sausage",3
"scale",3
"scarf",3
"scenario",3
"scenes",3
"scores",3
"scott",3
"screaming",3
"seasonal",3
"secretary",3
"secrets",3
"seeking",3
"segment",3
"selection",3
"seniors",3
"sentenced",3
"sexual",3
"shadow",3
"shane",3
"shoppers",3
"shoulder",3
"shoulders",3
"shouting",3
"shown",3
"shredded",3
"shy",3
"sigh",3
"sight",3
"significant",3
"silly",3
"sing",3
"singer",3
"sister",3
"sisters",3
"skepticism",3
"skill",3
"skip",3
"slept",3
"slide",3
"smekkleysa",3
"smiles",3
"smooth",3
"snack",3
"society",3
"solely",3
"solo",3
"soo",3
"sooner",3
"sorgi",3
"soviet",3
"spa",3
"spare",3
"sparked",3
"spawned",3
"specifically",3
"speed",3
"spelled",3
"spices",3
"sponsor",3
"sport",3
"sporting",3
"spot",3
"spreading",3
"spurs",3
"squirrels",3
"standards",3
"staring",3
"state‚Äôs",3
"status",3
"steal",3
"stitch",3
"stitches",3
"stolen",3
"stones",3
"storage",3
"stored",3
"strategies",3
"streak",3
"stress",3
"string",3
"struck",3
"styles",3
"succeed",3
"successful",3
"suicide",3
"sum",3
"sunshine",3
"superintendent",3
"supply",3
"supported",3
"surgeon",3
"surprisingly",3
"sushi",3
"suspect",3
"suspects",3
"sustained",3
"swing",3
"sympathy",3
"syracuse",3
"taco",3
"tag",3
"tale",3
"tap",3
"taxed",3
"teamwork",3
"tear",3
"teaspoon",3
"tebow",3
"techniques",3
"ted",3
"tempted",3
"terrifying",3
"tests",3
"texture",3
"theatre",3
"threat",3
"thrilled",3
"thru",3
"tiger",3
"tightly",3
"tire",3
"todays",3
"todd",3
"tongue",3
"tony",3
"tool",3
"tops",3
"torque",3
"tortilla",3
"touchdowns",3
"tourism",3
"trades",3
"trails",3
"transformation",3
"transition",3
"traveling",3
"treasure",3
"treasury",3
"trending",3
"trips",3
"trouble",3
"trumpet",3
"tucked",3
"tunnel",3
"turner",3
"twisted",3
"types",3
"uncomfortable",3
"understood",3
"underworld",3
"unemployment",3
"unfortunate",3
"unions",3
"universe",3
"unknown",3
"unreal",3
"upcoming",3
"updates",3
"upper",3
"upset",3
"upstairs",3
"users",3
"utility",3
"valentines",3
"vancouver",3
"vanilla",3
"ventura",3
"veto",3
"victim",3
"vid",3
"viewed",3
"vigil",3
"vintage",3
"visible",3
"vision",3
"visited",3
"visitor",3
"voted",3
"waitress",3
"walks",3
"walls",3
"walter",3
"warn",3
"waste",3
"watchin",3
"web",3
"web-based",3
"webster",3
"welcomed",3
"what‚Äôs",3
"wheat",3
"wherever",3
"wildlife",3
"windy",3
"wineries",3
"wing",3
"wings",3
"witness",3
"woke",3
"womens",3
"wood",3
"woods",3
"workshop",3
"worlds",3
"wound",3
"wounded",3
"yelling",3
"yield",3
"yolo",3
"you‚Äôve",3
"youu",3
"zach",3
"zero",3
"-air",2
"-site",2
"-star",2
"10-day",2
"101",2
"1111",2
"125000",2
"1500",2
"15000",2
"15th",2
"1600",2
"180",2
"1800",2
"1911",2
"1940",2
"1942",2
"1952",2
"1957",2
"198",2
"1980",2
"1986",2
"1990s",2
"1991",2
"1993",2
"1995",2
"1999",2
"1q84",2
"2-1",2
"225",2
"24-20",2
"249",2
"24th",2
"250",2
"275",2
"2am",2
"2pm",2
"3-1",2
"300000",2
"301",2
"30th",2
"3133552",2
"347",2
"4-3",2
"420",2
"50s",2
"59000",2
"60s",2
"618",2
"620",2
"6th",2
"700",2
"830",2
"8th",2
"9400655",2
"9pm",2
"‚Äò",2
"‚Äòm",2
"‚Äù",2
"‚Äúbad",2
"‚Äúfor",2
"‚Äúi‚Äôm",2
"‚Äúmost",2
"‚Äúwhat",2
"‚Äúwhy",2
"‚Äúyes",2
"‚ù§",2
"abandon",2
"abc",2
"abq",2
"abrupt",2
"absence",2
"absolute",2
"abuse",2
"acceptance",2
"access",2
"accessible",2
"accident",2
"accordion",2
"accosted",2
"accountable",2
"ace",2
"achieve",2
"acknowledge",2
"acknowledging",2
"acl",2
"acre",2
"acro",2
"acrylic",2
"activist",2
"actor",2
"acuity",2
"adamant",2
"addicted",2
"additionally",2
"additions",2
"adequate",2
"administered",2
"administrative",2
"administrator",2
"admissions",2
"adopted",2
"adore",2
"advancement",2
"adventures",2
"advice",2
"advising",2
"advocates",2
"aeg",2
"affair",2
"affection",2
"afford",2
"afghanistan",2
"african",2
"afterwards",2
"aga",2
"again‚Äù",2
"ages",2
"agreement",2
"agriculture",2
"ahaha",2
"aids",2
"ailments",2
"aim",2
"aims",2
"airing",2
"airline",2
"airlines",2
"airs",2
"akron",2
"alameda",2
"alaska",2
"alcohol",2
"alert",2
"ales",2
"alike",2
"allegations",2
"alleged",2
"allegedly",2
"alley",2
"allowing",2
"almighty",2
"alongside",2
"alright",2
"altogether",2
"alton",2
"alzheimer‚Äôs",2
"amanda",2
"amazement",2
"amber",2
"ambience",2
"ambiguous",2
"ample",2
"amused",2
"anathema",2
"angles",2
"anonymous",2
"antelope",2
"anthony",2
"antica",2
"anticipate",2
"anticipated",2
"antidote",2
"anxious",2
"anybody",2
"anytime",2
"apart",2
"apiece",2
"apodaca",2
"app",2
"appearances",2
"apples",2
"applied",2
"appointment",2
"appreciated",2
"apprentice",2
"approached",2
"approaches",2
"approaching",2
"approximately",2
"apps",2
"apricot",2
"apricots",2
"arch",2
"architect",2
"arm",2
"arnott",2
"aroma",2
"array",2
"arrives",2
"arthur",2
"artifice",2
"asia",2
"asparagus",2
"aspects",2
"assembled",2
"assessment",2
"assets",2
"assn",2
"astronaut",2
"ate",2
"athletes",2
"atlantic",2
"attacking",2
"attempting",2
"attorneys",2
"attracted",2
"auditions",2
"australia",2
"automobile",2
"averaged",2
"awake",2
"awhile",2
"awkward",2
"awkwardly",2
"babydaddy",2
"backdrop",2
"backgrounds",2
"backs",2
"badge",2
"bae",2
"bain",2
"bakers",2
"bald",2
"ballet",2
"baltimore",2
"banner",2
"bargaining",2
"baseman",2
"basement",2
"bastards",2
"batches",2
"bbc",2
"beans",2
"beast",2
"beaten",2
"beatrices",2
"becks",2
"beds",2
"bedtime",2
"begging",2
"behold",2
"belief",2
"believing",2
"bellevue",2
"bells",2
"bend",2
"benedictine",2
"bertie",2
"betsy",2
"betty",2
"beverage",2
"beware",2
"bicycle",2
"bigger",2
"bigot",2
"biish",2
"bikes",2
"bilderberg",2
"bilingual",2
"binder",2
"biological",2
"bite",2
"blame",2
"blanket",2
"blasphemy",2
"bleh",2
"blended",2
"bless",2
"blew",2
"blocks",2
"blogger",2
"bloggers",2
"blonde",2
"bloom",2
"bloomberg",2
"blow",2
"blue-collar",2
"boat",2
"boats",2
"bobby",2
"bodemeister",2
"bodies",2
"bog",2
"boil",2
"bold",2
"bonding",2
"bonds",2
"bonus",2
"boogie",2
"booked",2
"boots",2
"booze",2
"boozer",2
"bored",2
"bornstein",2
"borough",2
"borrower",2
"boss",2
"bottoms",2
"bounce",2
"bound",2
"bows",2
"boxer",2
"boxes",2
"boygirl",2
"boyz",2
"bps",2
"bra",2
"bradbury",2
"bradford",2
"brains",2
"branding",2
"brands",2
"bravo",2
"brazil",2
"breaks",2
"breasts",2
"breath",2
"breathing",2
"breeding",2
"brew",2
"brewing",2
"brews",2
"brits",2
"broadcaster",2
"broadway",2
"brooklyn",2
"browse",2
"bruh",2
"bucket",2
"buckys",2
"buddhist",2
"buds",2
"builder",2
"bulk",2
"bull",2
"bullet",2
"bullies",2
"bullock",2
"bullying",2
"bunny",2
"burger",2
"buried",2
"busch",2
"bushels",2
"bushes",2
"butt",2
"button",2
"buyers",2
"buzzer",2
"cabs",2
"cafe",2
"cage",2
"cain",2
"cambridge",2
"camellia",2
"camera",2
"campaigns",2
"campbed",2
"camping",2
"campuses",2
"canter",2
"canyon",2
"capacity",2
"cape",2
"capitalist",2
"caps",2
"captivating",2
"capture",2
"cardstock",2
"career-high",2
"carpenter",2
"carpet",2
"carr",2
"carrier",2
"carrying",2
"cart",2
"casablanca",2
"cassette",2
"cast",2
"castle",2
"castro",2
"catalogue",2
"categories",2
"category",2
"cats",2
"cautious",2
"cayman",2
"ccdc",2
"census",2
"cent",2
"centers",2
"centuries",2
"ceremonies",2
"ceres",2
"certificates",2
"chain",2
"chakra",2
"challenges",2
"championships",2
"chanting",2
"chants",2
"chargers",2
"charity",2
"charlie",2
"charming",2
"chat",2
"chatted",2
"checks",2
"cheddar",2
"chen",2
"chens",2
"cherry",2
"chesterfield",2
"chick",2
"childs",2
"chill",2
"chilling",2
"chinas",2
"chipboard",2
"chipotle",2
"chipped",2
"chobani",2
"choosing",2
"chopped",2
"christian",2
"christine",2
"chrome",2
"chronicle",2
"chug",2
"chula",2
"churches",2
"churchill",2
"churning",2
"cinco",2
"cindy",2
"circles",2
"circumstances",2
"cited",2
"civilian",2
"clan",2
"clark",2
"classroom",2
"classrooms",2
"clay",2
"clearance",2
"cleared",2
"clearing",2
"climbed",2
"clippers",2
"cloak",2
"closest",2
"closings",2
"clothing",2
"clueless",2
"clunky",2
"clutch",2
"co-ops",2
"co-workers",2
"cognitive",2
"coincided",2
"cola",2
"collaboration",2
"collections",2
"collectively",2
"coloured",2
"colton",2
"com",2
"combination",2
"combine",2
"combining",2
"combo",2
"commemorative",2
"commissions",2
"commit",2
"communicate",2
"communist",2
"compare",2
"compares",2
"comparing",2
"compete",2
"compiled",2
"complained",2
"complaints",2
"completion",2
"compliance",2
"compliant",2
"composure",2
"con",2
"concede",2
"concept",2
"concerning",2
"concessions",2
"concrete",2
"concussion",2
"conditional",2
"conducts",2
"confession",2
"confirmation",2
"connecting",2
"connections",2
"conscious",2
"consecutive",2
"consequences",2
"conservation",2
"consideration",2
"consists",2
"constant",2
"construction",2
"consultant",2
"consultative",2
"consulting",2
"consumers",2
"contain",2
"contained",2
"contemporary",2
"contend",2
"contents",2
"continually",2
"contractors",2
"contributes",2
"contributing",2
"controlled",2
"controversy",2
"conversations",2
"convicted",2
"conviction",2
"convinced",2
"convo",2
"coo",2
"cooks",2
"cooper",2
"cork",2
"corndogs",2
"corruption",2
"cos",2
"cotto",2
"counters",2
"countries",2
"countrys",2
"counts",2
"couples",2
"courage",2
"courtesy",2
"courts",2
"covering",2
"cow",2
"cox",2
"cpa",2
"cracking",2
"cradle",2
"craft",2
"crashed",2
"crawford",2
"creating",2
"creativity",2
"creator",2
"credibility",2
"creditors",2
"creeping",2
"crews",2
"cried",2
"crime",2
"crimestoppers",2
"critical",2
"critics",2
"crop",2
"crosby",2
"crossed",2
"crown",2
"crucial",2
"crumble",2
"crumbs",2
"crunch",2
"cruz",2
"ctmh",2
"cubs",2
"cuddling",2
"cultures",2
"curb",2
"currencies",2
"curriculum",2
"custard",2
"custody",2
"customer",2
"cuts",2
"cutters",2
"dada",2
"dairy",2
"dale",2
"dan",2
"danish",2
"danny",2
"darn",2
"dart",2
"database",2
"dawsons",2
"deadly",2
"debut",2
"decentralized",2
"decides",2
"deck",2
"decoration",2
"dedicate",2
"deepwater",2
"deer",2
"deewani",2
"defeat",2
"defend",2
"delay",2
"delish",2
"delivers",2
"delta",2
"demand",2
"demands",2
"democratic",2
"demons",2
"denali",2
"denial",2
"dennis",2
"density",2
"depleting",2
"deserve",2
"designer",2
"designers",2
"destructive",2
"detailed",2
"detective",2
"detox",2
"devastating",2
"devil",2
"diagnosis",2
"dialogue",2
"diana",2
"diaries",2
"dick",2
"diet",2
"differences",2
"dig",2
"digestive",2
"dignity",2
"dire",2
"dirty",2
"disability",2
"disabled",2
"disappoint",2
"disaster",2
"disciplines",2
"discovered",2
"discovery",2
"discussed",2
"discussion",2
"discussions",2
"disease",2
"dish",2
"dishes",2
"dishwasher",2
"dislike",2
"displays",2
"disruptive",2
"distance",2
"disturbing",2
"dive",2
"diversion",2
"divide",2
"divisions",2
"divorcing",2
"dnt",2
"doctor‚Äôs",2
"documentation",2
"doin",2
"dollar",2
"dolls",2
"dolphin",2
"dom",2
"dominance",2
"dominated",2
"don",2
"dope",2
"dork",2
"dots",2
"download",2
"downloading",2
"dragon",2
"drained",2
"dramatically",2
"drank",2
"draw",2
"drawing",2
"dreamed",2
"dreaming",2
"dressing",2
"driven",2
"drivers",2
"drives",2
"drucker",2
"dugout",2
"duke",2
"dumbass",2
"dump",2
"dunk",2
"durham",2
"dutch",2
"dvr",2
"dwight",2
"ˇòÉ",2
"ˇòö",2
"dynamic",2
"ears",2
"ease",2
"ebay",2
"eckersley",2
"edgewater",2
"editor",2
"effectively",2
"elaborate",2
"elections",2
"electroconvulsive",2
"electronics",2
"elephants",2
"eleven",2
"eli",2
"eliminated",2
"elisabeth",2
"elite",2
"elves",2
"emailed",2
"embracing",2
"emissions",2
"emotion",2
"employer",2
"employers",2
"employment",2
"enable",2
"enabled",2
"encountered",2
"endeavour",2
"endured",2
"enduring",2
"enemies",2
"enhance",2
"enhances",2
"enjoyable",2
"enterprise",2
"entirely",2
"entity",2
"entrees",2
"environmentally",2
"episodes",2
"epstein",2
"erik",2
"esp",2
"essex",2
"establish",2
"eternal",2
"euclid",2
"eugene",2
"euro",2
"evenings",2
"evolving",2
"examine",2
"excel",2
"excellence",2
"excluding",2
"excuse",2
"executed",2
"exist",2
"expectation",2
"experimental",2
"experts",2
"explain",2
"explanation",2
"explore",2
"explored",2
"exploring",2
"export",2
"exposure",2
"extension",2
"extensive",2
"extensively",2
"extraordinary",2
"extremist",2
"facade",2
"facilities",2
"factions",2
"factors",2
"fading",2
"fail",2
"fairy",2
"fallen",2
"fanatics",2
"fancy",2
"fantasies",2
"farmed",2
"farming",2
"favored",2
"favour",2
"favourite",2
"favs",2
"fda",2
"feature",2
"featured",2
"fee",2
"fees",2
"fence",2
"fertility",2
"fertilizer",2
"fewer",2
"fictional",2
"fighter",2
"file",2
"finely",2
"finest",2
"finisher",2
"finishing",2
"finns",2
"fired",2
"firefox",2
"first-round",2
"fiscal",2
"fla",2
"flag",2
"flags",2
"flaws",2
"fletcher",2
"flick",2
"floating",2
"floors",2
"floral",2
"flores",2
"floridians",2
"flowing",2
"flurry",2
"foam",2
"folder",2
"follows",2
"foods",2
"fool",2
"forbidden",2
"foreclosures",2
"forehead",2
"forest",2
"forgot",2
"formally",2
"format",2
"formerly",2
"fortunes",2
"fought",2
"founder",2
"fox",2
"fractured",2
"frame",2
"frames",2
"freakin",2
"freaky",2
"fred",2
"freddy",2
"free-run",2
"freedom",2
"freeze",2
"fri",2
"friction",2
"fried",2
"friendly",2
"friendship",2
"frisell",2
"fry",2
"fuckin",2
"fuel",2
"full-time",2
"fullest",2
"functional",2
"funky",2
"funnier",2
"gad",2
"gain",2
"gandhian",2
"garde",2
"garlic",2
"gems",2
"genealogy",2
"generation",2
"generously",2
"genius",2
"gentleman",2
"gently",2
"genuinely",2
"geo",2
"geographic",2
"geometric",2
"georgia",2
"germany",2
"ghostface",2
"gina",2
"gingerbread",2
"girardeau",2
"girly",2
"gladly",2
"glamorous",2
"glory",2
"glue",2
"glued",2
"gluten-free",2
"goethe",2
"goin",2
"gordon",2
"grace",2
"graduates",2
"grady",2
"grammys",2
"grandmas",2
"grandmother",2
"granted",2
"grants",2
"gratitude",2
"grease",2
"greater",2
"greatly",2
"greatness",2
"greed",2
"gresham",2
"grieve",2
"grigory",2
"grin",2
"grind",2
"grito",2
"groundbreaking",2
"grows",2
"guangdong",2
"guard",2
"guinness",2
"gulf",2
"gundy",2
"gunna",2
"gunner",2
"guns",2
"gymnastics",2
"habits",2
"hahha",2
"haircuts",2
"half-mile",2
"halftime",2
"halfway",2
"hamilton",2
"hamlets",2
"handed",2
"handful",2
"handled",2
"hannah",2
"hans",2
"hanssen",2
"happiness",2
"hardest",2
"hardly",2
"harrison",2
"harsh",2
"harvey",2
"hashtag",2
"hating",2
"hawthorne",2
"hayward",2
"hazar",2
"hazardous",2
"hcg",2
"hearst",2
"heartbreaking",2
"heartland",2
"heated",2
"heavily",2
"heel",2
"helicopter",2
"heller",2
"helping",2
"helpless",2
"her‚Äù",2
"here‚Ä¶",2
"here‚Äôs",2
"heroes",2
"hesitate",2
"highland",2
"highlight",2
"highlighted",2
"highlights",2
"hilary",2
"hints",2
"hitler",2
"hoboken",2
"hoe",2
"hoes",2
"holla",2
"homeless",2
"homeopathic",2
"homers",2
"honestyhour",2
"honolulu",2
"honored",2
"hook",2
"hooked",2
"horrific",2
"horses",2
"hospitals",2
"hosted",2
"household",2
"hughes",2
"hugs",2
"huh",2
"humans",2
"humboldt",2
"humid",2
"humidity",2
"hungarian",2
"hyatt",2
"hysterical",2
"icon",2
"ideal",2
"identification",2
"identify",2
"identifying",2
"ideology",2
"idol",2
"ignorant",2
"ignored",2
"image",2
"imagery",2
"imaginable",2
"imagination",2
"imagined",2
"imam",2
"immigrants",2
"impacts",2
"imperial",2
"impress",2
"impressed",2
"improving",2
"inaugural",2
"inches",2
"incidentally",2
"indian",2
"indicator",2
"indifferent",2
"industries",2
"infected",2
"infield",2
"inflation",2
"influenced",2
"infrastructure",2
"infusions",2
"ingredients",2
"inmates",2
"innovation",2
"insignificant",2
"insomnia",2
"instantly",2
"intake",2
"intelligent",2
"intends",2
"intensity",2
"interactive",2
"interceptions",2
"interpret",2
"interpretations",2
"interviewed",2
"introduce",2
"inventing",2
"investigator",2
"invited",2
"involves",2
"iran",2
"iraqis",2
"iron",2
"ironic",2
"iss",2
"issuer",2
"italys",2
"itching",2
"itll",2
"jackson",2
"jam",2
"jar",2
"jared",2
"jargon",2
"jarvis",2
"javier",2
"jeans",2
"jeeves",2
"jeff",2
"jeffrey",2
"jennifer",2
"jet",2
"jewish",2
"jimmy",2
"joan",2
"jockey",2
"jog",2
"joints",2
"jonas",2
"joseph",2
"journals",2
"journeys",2
"judges",2
"judiciary",2
"jumped",2
"jumps",2
"jun",2
"kathy",2
"keepin",2
"kelly",2
"keynote",2
"khan",2
"kidnapping",2
"kilowatt",2
"kinds",2
"kingfish",2
"kinkade",2
"kinky",2
"kittie",2
"kleem",2
"kmart",2
"knicks",2
"knight",2
"knocked",2
"knocking",2
"knw",2
"kobe",2
"kong",2
"koran",2
"korea",2
"koufax",2
"kraft",2
"kris",2
"krw",2
"kudos",2
"kukl",2
"label",2
"lacking",2
"lacks",2
"lacy",2
"ladder",2
"lambs",2
"lamented",2
"lamps",2
"landscape",2
"langenbrunner",2
"larceny",2
"latin",2
"laughed",2
"laughs",2
"launching",2
"laundry",2
"lawsuit",2
"layer",2
"lecture",2
"legislators",2
"legislature",2
"leinart",2
"leo",2
"leonard",2
"lhp",2
"liars",2
"liberalise",2
"liberals",2
"liberation",2
"librarian",2
"lid",2
"lied",2
"lien",2
"life‚Äù",2
"lift",2
"lime",2
"lined",2
"linemen",2
"linkedin",2
"linux",2
"lips",2
"liquor",2
"listened",2
"lizards",2
"llc",2
"locally",2
"located",2
"lodging",2
"logic",2
"logs",2
"longevity",2
"longtime",2
"loop",2
"lopez",2
"lottery",2
"lotus",2
"louisville",2
"lounge",2
"lovers",2
"lowest",2
"ltd",2
"lunches",2
"lynch",2
"macbook",2
"madrid",2
"magazine‚Äôs",2
"magically",2
"maids",2
"mail",2
"maine",2
"maintain",2
"malcolm",2
"maloney",2
"mandates",2
"manicure",2
"manipulating",2
"mano",2
"mansion",2
"manuel",2
"manufacturers",2
"map",2
"margin",2
"mario",2
"marital",2
"mars",2
"martins",2
"marvelous",2
"mask",2
"mass",2
"master",2
"masters",2
"matches",2
"mathematics",2
"matz",2
"mayhugh",2
"mayoral",2
"mbs",2
"mcbride",2
"mccoy",2
"mckenzie",2
"mcl",2
"mcroberts",2
"meals",2
"meaningful",2
"meanwhile",2
"measured",2
"measurements",2
"mechanical",2
"medals",2
"medicine",2
"medieval",2
"meh",2
"melodic",2
"melting",2
"membership",2
"mercury",2
"merger",2
"merits",2
"messed",2
"messing",2
"messy",2
"metal",2
"method",2
"metropolitan",2
"mgm2",2
"michelle",2
"mickey",2
"microfinance",2
"milkshake",2
"mills",2
"minced",2
"mines",2
"mini",2
"minibrief",2
"miniloc",2
"minimally",2
"minimum",2
"ministry",2
"minnesotas",2
"mint",2
"mirrors",2
"misdeeds",2
"miserable",2
"missionaries",2
"missionary",2
"mist",2
"modestly",2
"momentum",2
"monday-thursday",2
"monet",2
"monitors",2
"monkeys",2
"monmouth",2
"montreal",2
"morehead",2
"moreover",2
"morgan",2
"mornings",2
"mortgage",2
"mosque",2
"mosquitoes",2
"muhammad",2
"mulch",2
"murdered",2
"murderous",2
"muscle",2
"museumarchive",2
"museums",2
"mushrooms",2
"musical",2
"musicians",2
"muslims",2
"myth",2
"nails",2
"naked",2
"naperville",2
"narrative",2
"narrator",2
"nash",2
"nashville",2
"naturally",2
"navy",2
"nbc",2
"nearby",2
"nearest",2
"nearing",2
"necessary",2
"needy",2
"neighbor",2
"nelson",2
"networking",2
"newt",2
"newton",2
"nicely",2
"nite",2
"noah",2
"non",2
"non-existent",2
"nonprofit",2
"nonsense",2
"nonverbal",2
"noodles",2
"normally",2
"norman",2
"norwegian",2
"notebook",2
"noted",2
"noticing",2
"notion",2
"novelist",2
"nowhere",2
"nsync",2
"nuggets",2
"nuts",2
"oak",2
"oaks",2
"objective",2
"obsess",2
"obsessed",2
"obsolete",2
"occupied",2
"occupy",2
"octavia",2
"odds",2
"offseason",2
"oftentimes",2
"oil",2
"olds",2
"ole",2
"olson",2
"omaha",2
"one-time",2
"ongoing",2
"operating",2
"opinions",2
"opponent",2
"opportunities",2
"oppose",2
"oral",2
"oranje",2
"ordeal",2
"ordinary",2
"organizations",2
"orlando",2
"ounce",2
"outcome",2
"outer",2
"outlets",2
"overdue",2
"overseas",2
"overview",2
"owls",2
"owned",2
"ozzie",2
"packing",2
"pageant",2
"pairs",2
"pam",2
"pancakes",2
"panda",2
"pangulasian",2
"panic",2
"panthers",2
"par",2
"par-5",2
"parade",2
"parental",2
"parker",2
"parks",2
"parkway",2
"participant",2
"participating",2
"participation",2
"partly",2
"pasadena",2
"passage",2
"passenger",2
"passions",2
"pasta",2
"pastas",2
"pastries",2
"pathetic",2
"paths",2
"patience",2
"patient",2
"patricia",2
"patted",2
"patty",2
"pause",2
"paving",2
"payments",2
"pays",2
"payton",2
"peaked",2
"pear",2
"pediatric",2
"pen",2
"penned",2
"pennies",2
"pennsylvania",2
"pens",2
"people‚Äôs",2
"pepper",2
"performed",2
"permission",2
"person‚Äôs",2
"personnel",2
"pessimistic",2
"pet",2
"petition",2
"pge",2
"phase",2
"phenomenal",2
"philhealth",2
"phillies",2
"philly",2
"physician",2
"piano",2
"pick--roll",2
"pickup",2
"picky",2
"pierre",2
"pike",2
"pinch",2
"pineapple",2
"pinterest",2
"piqua",2
"pisces",2
"piss",2
"pitch",2
"pitching",2
"pitfalls",2
"pity",2
"plague",2
"planets",2
"planner",2
"plant",2
"platforms",2
"playtime",2
"plea",2
"pleasant",2
"plummer",2
"plunged",2
"plz",2
"pocket",2
"pockets",2
"poe",2
"poem",2
"polish",2
"pony",2
"poop",2
"popped",2
"porter",2
"portfolio",2
"portrayal",2
"portrayed",2
"pose",2
"poses",2
"positioned",2
"positions",2
"possessive",2
"possibly",2
"posting",2
"potato",2
"pots",2
"pounds",2
"poverty",2
"practiced",2
"practices",2
"practise",2
"prank",2
"prefers",2
"prepare",2
"preparing",2
"prescription",2
"prescriptions",2
"presentation",2
"presentations",2
"preserves",2
"preview",2
"priceless",2
"prickly",2
"prima",2
"principle",2
"principles",2
"probation",2
"procedures",2
"proceeds",2
"produces",2
"profession",2
"profiling",2
"projected",2
"projecting",2
"promote",2
"proper",2
"properties",2
"proposals",2
"prostitution",2
"protection",2
"protections",2
"protest",2
"provider",2
"province",2
"provisions",2
"psychology",2
"publication",2
"publicly",2
"publisher",2
"pump",2
"pumping",2
"pumpkin",2
"pun",2
"punk",2
"puppy",2
"purcell",2
"purists",2
"purl",2
"purple",2
"pursue",2
"puts",2
"putt",2
"puzzling",2
"pyramids",2
"questioning",2
"r„©sum„©",2
"rabbi",2
"races",2
"rachel",2
"racist",2
"raekwon",2
"raging",2
"rags",2
"rail",2
"raising",2
"ralph",2
"randy",2
"rank",2
"ranked",2
"rape",2
"raped",2
"rapping",2
"rapture",2
"rarely",2
"raspberries",2
"rated",2
"ratings",2
"raven",2
"ravens",2
"reactions",2
"reassuring",2
"rebounding",2
"rebuilding",2
"recalled",2
"recap",2
"reception",2
"recipient",2
"reckless",2
"recognize",2
"recognized",2
"recommending",2
"recorder",2
"recordings",2
"recover",2
"recovery",2
"recreation",2
"redneck",2
"refer",2
"reference",2
"referent",2
"referring",2
"refers",2
"reflection",2
"refs",2
"regarding",2
"regency",2
"reggie",2
"regiment",2
"regions",2
"register",2
"registered",2
"regression",2
"regretted",2
"regularity",2
"regulate",2
"reinstated",2
"relaxation",2
"relaxed",2
"relaxing",2
"relies",2
"relocating",2
"remembering",2
"reminded",2
"reminder",2
"reminiscent",2
"remix",2
"removed",2
"rendered",2
"renewal",2
"rental",2
"rentals",2
"rented",2
"rep",2
"repayment",2
"repeal",2
"repealed",2
"repeatedly",2
"replacement",2
"reporters",2
"represent",2
"representing",2
"reproductive",2
"requirement",2
"requiring",2
"rescue",2
"rescued",2
"researchers",2
"reserved",2
"reserves",2
"residence",2
"resident",2
"resolved",2
"respectively",2
"restaurants",2
"rested",2
"retire",2
"retiring",2
"returns",2
"retweet",2
"reunion",2
"reviewing",2
"reviews",2
"revive",2
"rewarding",2
"ribbon",2
"ribbons",2
"richer",2
"riders",2
"ridley",2
"rifle",2
"rig",2
"ripped",2
"risky",2
"rituximab",2
"roadwork",2
"roasted",2
"roasting",2
"robbed",2
"rockets",2
"rocking",2
"roger",2
"rogue",2
"roman",2
"romance",2
"rome",2
"rondo",2
"roommate",2
"ropes",2
"roseman",2
"ross",2
"rough",2
"rounder",2
"rounds",2
"rowdy",2
"rows",2
"roy",2
"rubber",2
"ruby",2
"ruin",2
"ruled",2
"ruling",2
"runner",2
"runway",2
"rural",2
"russos",2
"rustic",2
"rusty",2
"sack",2
"sacred",2
"sadly",2
"saints",2
"salads",2
"samuel",2
"sanchez",2
"sand",2
"sandusky",2
"sandwich",2
"sandwiches",2
"sang",2
"saucepan",2
"saves",2
"scan",2
"scattered",2
"scheme",2
"sciences",2
"scientific",2
"scouts",2
"scrap",2
"screened",2
"scroll",2
"sean",2
"secretly",2
"section",2
"securities",2
"seeped",2
"select",2
"selected",2
"sen",2
"senator",2
"senators",2
"senile",2
"sentiment",2
"separated",2
"separation",2
"septic",2
"sergeant",2
"serving",2
"servings",2
"sessions",2
"seth",2
"settle",2
"settled",2
"settlement",2
"sewage",2
"sewing",2
"shakespeare",2
"shameless",2
"shannon",2
"shareholders",2
"shed",2
"sheep",2
"sheer",2
"shell",2
"sheriff",2
"sheriffs",2
"shimmerz",2
"shine",2
"shirts",2
"sho",2
"shook",2
"shortly",2
"should‚Äôve",2
"shouldn‚Äôt",2
"shout",2
"showalter",2
"shower",2
"shrimp",2
"sht",2
"shuttle",2
"siblings",2
"sidewalk",2
"sights",2
"signal",2
"significance",2
"sigtryggur",2
"silent",2
"silver",2
"sin",2
"single-story",2
"singles",2
"sinks",2
"sis",2
"sissy",2
"sits",2
"sized",2
"sizes",2
"skate",2
"sketchbook",2
"skies",2
"skimming",2
"sky",2
"skype",2
"slammed",2
"slaughtered",2
"slices",2
"sliders",2
"slip",2
"slope",2
"slowest",2
"slowly",2
"slumber",2
"slumped",2
"smallest",2
"smarter",2
"smiling",2
"smms",2
"smokers",2
"sms",2
"snapped",2
"snead",2
"snowshoes",2
"so‚Äù",2
"soap",2
"socks",2
"solar",2
"solutions",2
"solve",2
"sometime",2
"sopa",2
"sophomore",2
"sorting",2
"soups",2
"sources",2
"sourcing",2
"southeast",2
"southern",2
"spaces",2
"spaghetti",2
"spain",2
"spark",2
"spartans",2
"speaker",2
"speaks",2
"spectacular",2
"spell",2
"spencer",2
"spends",2
"spicy",2
"spikes",2
"spiral",2
"spiritual",2
"spiritually",2
"spoiler",2
"spoilers",2
"spotlight",2
"springfield",2
"springs",2
"sprint",2
"sprung",2
"squat",2
"stages",2
"stan",2
"standard",2
"standout",2
"staples",2
"stare",2
"starkly",2
"starter",2
"starters",2
"stash",2
"stated",2
"stations",2
"statistics",2
"staying",2
"steaks",2
"steam",2
"steaming",2
"stern",2
"steubenville",2
"stewart",2
"sticker",2
"stinkin",2
"stocks",2
"stone",2
"stopping",2
"stoudemire",2
"stranger",2
"strategic",2
"strategist",2
"stream",2
"strengthen",2
"strikes",2
"strip",2
"strive",2
"strokes",2
"strongest",2
"strongly",2
"struggle",2
"struggled",2
"studied",2
"stuffing",2
"stunned",2
"submission",2
"submissions",2
"submit",2
"subscribe",2
"subscribing",2
"subsequent",2
"subway",2
"successfully",2
"sudden",2
"suggestions",2
"suite",2
"suited",2
"suki",2
"summary",2
"sunscreen",2
"sunset",2
"supplies",2
"supportive",2
"supports",2
"supposedly",2
"surgeries",2
"surrounding",2
"survivors",2
"suspected",2
"suspension",2
"suspensions",2
"swag",2
"swallow",2
"sweat",2
"swept",2
"swift",2
"swore",2
"symbol",2
"symphony",2
"syndrome",2
"syria",2
"systems",2
"tablet",2
"tablets",2
"tactical",2
"takeover",2
"tales",2
"tamales",2
"tampa",2
"tank",2
"tapped",2
"tara",2
"targets",2
"tart",2
"tasted",2
"tastes",2
"tasting",2
"tats",2
"tattoo",2
"taubman",2
"taxing",2
"tbd",2
"technically",2
"teenager",2
"teens",2
"teetering",2
"temperature",2
"temple",2
"tender",2
"tennessee",2
"tennis",2
"tens",2
"tension",2
"tenure",2
"terminate",2
"terrific",2
"terror",2
"terrorism",2
"terrorist",2
"testified",2
"testify",2
"textured",2
"tha",2
"tham",2
"thatd",2
"themes",2
"theo",2
"theories",2
"theory",2
"thevoice",2
"they‚Äôve",2
"theyd",2
"theyve",2
"thick",2
"third-place",2
"thirds",2
"tho",2
"threatens",2
"three-hour",2
"three-point",2
"three-year",2
"throat",2
"tide",2
"tie",2
"tigers",2
"tijuana",2
"timber",2
"timely",2
"timetable",2
"tin",2
"tirelessly",2
"titled",2
"titles",2
"tix",2
"tmrw",2
"toilet",2
"tomatillo",2
"tomorrows",2
"ton",2
"tonite",2
"tonys",2
"topics",2
"topped",2
"toronto",2
"torture",2
"totals",2
"touchdown",2
"touched",2
"touches",2
"touching",2
"tours",2
"toy",2
"toys",2
"traditionally",2
"tragedy",2
"tragic",2
"trained",2
"transferred",2
"transformed",2
"transit",2
"transplants",2
"transported",2
"travis",2
"treasures",2
"treasurista",2
"treated",2
"trent",2
"trenton",2
"tribune",2
"tricked",2
"tricks",2
"triggered",2
"trillion",2
"trim",2
"trio",2
"troop",2
"trotted",2
"trudeau",2
"trusted",2
"truthful",2
"tsk",2
"tuck",2
"tumblr",2
"turtle",2
"tutor",2
"tvs",2
"tweeted",2
"tweeting",2
"twins",2
"twist",2
"twit",2
"uconn",2
"ugly",2
"uhh",2
"uhlanen",2
"umbrella",2
"umno",2
"undefeated",2
"understanding",2
"understands",2
"unimpressed",2
"universities",2
"unlawful",2
"unmotivated",2
"unprecedented",2
"unpredictable",2
"unsuccessfully",2
"unto",2
"unveil",2
"upbringing",2
"upgrade",2
"upstate",2
"urge",2
"urged",2
"us‚Äù",2
"usage",2
"user",2
"username",2
"usespurchases",2
"utah",2
"vague",2
"vampire",2
"vault",2
"veg",2
"vegetables",2
"vehicle",2
"vent",2
"venue",2
"verdict",2
"verge",2
"versions",2
"versus",2
"vesta",2
"viacom",2
"vibrant",2
"victoria",2
"vietnam",2
"viewers",2
"violence",2
"virtually",2
"visiting",2
"vista",2
"visual",2
"visually",2
"volleyball",2
"volume",2
"voluntarily",2
"volunteer",2
"volunteers",2
"voucher",2
"vow",2
"wade",2
"walker",2
"waller",2
"walt",2
"wand",2
"warmer",2
"warned",2
"watered",2
"waters",2
"wats",2
"wave",2
"waved",2
"waving",2
"weak",2
"wears",2
"websites",2
"week‚Äôs",2
"wehmeyer",2
"weighs",2
"welcoming",2
"wen",2
"wendys",2
"werent",2
"westminster",2
"wheel",2
"wheres",2
"whip",2
"whipplethorn",2
"whitaker",2
"whitney",2
"whoa",2
"who‚Äôs",2
"whoever",2
"whoot",2
"wicked",2
"wickedness",2
"wildcats",2
"willingness",2
"wilson",2
"wincle",2
"winemakers",2
"winners",2
"wire",2
"wisconsin",2
"wisdom",2
"wished",2
"wit",2
"withers",2
"witherspoon",2
"wives",2
"workplace",2
"world-class",2
"worries",2
"wrapping",2
"wrestling",2
"writers",2
"wtf",2
"wud",2
"xbox",2
"yakitori",2
"yankees",2
"yields",2
"you3",2
"zoo",2
"zoos",2
